"","head_x","head_y","head_p","center_x","center_y","center_p","leftleg_x","leftleg_y","leftleg_p","rightleg_x","rightleg_y","rightleg_p","Movement_head","Movement_center","Movement_leftleg","Movement_rightleg","All_bp_movements_Animal_1_sum","All_bp_movements_Animal_1_mean","All_bp_movements_Animal_1_min","All_bp_movements_Animal_1_max","Mean_All_bp_movements_Animal_1_mean_2","Sum_All_bp_movements_Animal_1_mean_2","Mean_All_bp_movements_Animal_1_mean_5","Sum_All_bp_movements_Animal_1_mean_5","Mean_All_bp_movements_Animal_1_mean_6","Sum_All_bp_movements_Animal_1_mean_6","Mean_All_bp_movements_Animal_1_mean_7.5","Sum_All_bp_movements_Animal_1_mean_7.5","Mean_All_bp_movements_Animal_1_mean_15","Sum_All_bp_movements_Animal_1_mean_15","Sum_probabilities","Mean_probabilities","Low_prob_detections_0.1","Low_prob_detections_0.5","Low_prob_detections_0.75"
"0",1432.9941,1067.4678,0.033464216,1435.0779,1084.115,0.025279453,1437.87,1060.5203,0.023206523,1435.0472,1055.501,0.024450794,11879.309,11956.802,11877.846,11842.947,47556.9,11889.225,11842.947,11956.802,11889.224609375,11889.224609375,11889.224609375,11889.224609375,11889.224609375,11889.224609375,11889.224609375,11889.224609375,11889.224609375,11889.224609375,0.10640099,0.026600247,4,4,4
"1",1432.8615,1079.0912,0.020240754,1435.0105,1084.825,0.025556693,1439.6433,1076.1648,0.01957051,1429.1095,1086.0642,0.025602048,77.27809,4.7410684,104.671684,206.98495,393.67578,98.418945,4.7410684,206.98495,5993.82177734375,11987.6435546875,5993.82177734375,11987.6435546875,5993.82177734375,11987.6435546875,5993.82177734375,11987.6435546875,5993.82177734375,11987.6435546875,0.09097,0.0227425,4,4,4
"2",1453.8171,1081.2094,0.026034603,1419.9515,1069.0374,0.02169269,1421.747,1070.3359,0.016759312,1431.0453,1068.0773,0.022895936,140.02438,145.0465,125.127464,120.268616,530.4669,132.61673,120.268616,145.0465,115.51783752441406,231.03567504882812,4040.0867614746094,12120.260284423828,4040.0867614746094,12120.260284423828,4040.0867614746094,12120.260284423828,4040.0867614746094,12120.260284423828,0.08738254,0.021845635,4,4,4
"3",1452.84,1078.5886,0.042143416,1448.5653,1070.5792,0.041047823,1453.6106,1075.0553,0.031078173,1449.9937,1071.1096,0.036641844,18.594448,190.5018,214.14206,127.57258,550.8109,137.70273,18.594448,214.14206,135.15972900390625,270.3194580078125,3064.490753173828,12257.963012695312,3064.490753173828,12257.963012695312,3064.490753173828,12257.963012695312,3064.490753173828,12257.963012695312,0.15091126,0.037727814,4,4,4
"4",1449.8109,1063.1456,0.06426773,1448.9974,1069.741,0.05525477,1453.3937,1060.8981,0.04585115,1450.5787,1071.9415,0.051629134,104.62209,6.2696805,94.129036,6.7614155,211.78223,52.945557,6.2696805,104.62209,95.32414245605469,190.64828491210938,2462.1817138671877,12310.908569335938,2462.1817138671877,12310.908569335938,2462.1817138671877,12310.908569335938,2462.1817138671877,12310.908569335938,0.21700278,0.054250695,4,4,4
"5",1449.7969,1065.4738,0.031253222,1450.2894,1052.1844,0.031128747,1454.6528,1059.5085,0.02826027,1449.5985,1055.043,0.030751659,15.4777775,117.03227,12.466215,112.53136,257.50763,64.37691,12.466215,117.03227,58.661231994628906,117.32246398925781,97.21217346191406,486.0608673095703,2062.5475794474282,12375.28547668457,2062.5475794474282,12375.28547668457,2062.5475794474282,12375.28547668457,0.1213939,0.030348474,4,4,4
"6",1435.4485,1068.2006,0.03453935,1435.577,1067.4481,0.045321144,1438.2577,1069.9642,0.03057205,1435.7627,1071.9591,0.044099316,97.0961,140.93784,129.27379,145.28473,512.59247,128.14812,97.0961,145.28473,96.26251220703125,192.5250244140625,103.1580078125,515.7900390625,102.3681640625,614.208984375,1786.204799107143,12503.43359375,1786.204799107143,12503.43359375,0.15453187,0.038632967,4,4,4
"7",-4.536067,1304.4202,0.016583517,1434.4956,1069.9275,0.0149423545,1436.5386,1069.1345,0.010740157,5.257638,907.4891,0.015098807,9701.044,17.982641,12.690265,9572.723,19304.44,4826.11,12.690265,9701.044,2477.12899017334,4954.25798034668,1041.8566345214845,5209.283172607422,890.316650390625,5341.89990234375,777.1884068080357,5440.31884765625,2166.1929321289062,17329.54345703125,0.057364836,0.014341209,4,4,4
"8",-4.5198135,1304.416,0.016616795,1465.9421,1055.492,0.016828505,1464.9482,1050.584,0.0113956425,5.2578297,907.48944,0.015097431,0.11152117,230.03313,225.56712,0.0027479462,455.71454,113.928635,0.0027479462,230.03313,2470.0192489624023,4940.038497924805,1037.1018157958983,5185.509078979492,887.2019678751627,5323.211807250977,779.4040767124721,5455.828536987305,1938.163565741645,17443.472091674805,0.05993837,0.014984593,4,4,4
"9",1452.7522,1085.3435,0.016921083,1451.4559,1088.016,0.021759383,1449.3926,1080.4652,0.013866243,1449.4462,1083.1505,0.02077159,9796.88,236.69904,223.95811,9671.8,19929.336,4982.334,223.95811,9796.88,2548.1313095092773,5096.262619018555,2022.9795013427733,10114.897506713867,1694.640510559082,10167.843063354492,1472.2208273751396,10305.545791625977,2242.5806076049803,22425.806076049805,0.073318295,0.018329574,4,4,4
"10",-4.5033016,1304.4176,0.01670014,1450.6954,1088.3314,0.017538117,1450.0446,1081.1093,0.012345649,1449.4631,1083.044,0.018053655,9796.772,5.4734635,6.0925546,0.7173896,9809.057,2452.2642,0.7173896,9796.772,3717.299072265625,7434.59814453125,2500.556951904297,12502.784759521484,2094.526944478353,12567.161666870117,1802.8724605015345,12620.107223510742,2261.642748746005,24878.070236206055,0.06463756,0.01615939,4,4,4
"11",-4.5033016,1304.4176,0.01670014,1450.0905,1087.8333,0.01677616,1451.641,1081.0618,0.010507542,1448.917,1082.4471,0.016926114,0,5.210027,10.617881,5.3781223,21.20603,5.3015075,0,10.617881,1228.782833814621,2457.565667629242,2475.9876299858092,12379.938149929047,2084.6810444990792,12508.086266994476,1796.0661677633013,12572.46317434311,2073.6143119732537,24883.371743679047,0.060909957,0.015227489,4,4,4
"12",-4.4932747,1304.4144,0.016725535,1450.2832,1086.5986,0.016297242,1450.1963,1081.3365,0.010916431,1450.0918,1081.9481,0.016715704,0.06991923,8.307237,9.776635,8.485558,26.639349,6.6598372,0.06991923,9.776635,5.980672359466553,11.961344718933105,1512.0976247787476,7560.488123893738,2064.432997862498,12386.597987174988,1787.8208720343453,12514.746104240417,1914.6178139173066,24890.031580924988,0.06065491,0.015163727,4,4,4
"13",-4.5080376,1304.4292,0.016675763,1449.471,1087.4382,0.015022212,1450.0729,1081.6072,0.011014983,1449.534,1082.1776,0.015306305,0.138833,7.766243,1.9774053,4.009496,13.891977,3.4729943,0.138833,7.766243,5.066415786743164,10.132831573486328,1490.0064967155456,7450.032483577728,1260.6601863702138,7563.961118221283,1770.0101402146477,12390.070981502533,1778.1074696608953,24893.504575252533,0.05801926,0.014504815,4,4,4
"14",-4.545313,1304.4438,0.016571267,1449.3849,1087.5186,0.015395453,1450.5782,1081.3605,0.0110756075,1449.376,1082.5447,0.015619151,0.26625642,0.7826064,3.7386818,2.6569486,7.4444933,1.8611233,0.26625642,3.7386818,2.667058825492859,5.334117650985718,493.91192450523374,2469.559622526169,1241.9822678168614,7451.893606901169,1080.8317487921033,7565.8222415447235,1659.6910465717315,24895.365698575974,0.05866148,0.01466537,4,4,4
"15",-4.545313,1304.4438,0.016571267,5.9506893,1295.0419,0.011854516,-4.3656406,1297.6532,0.008480217,5.2715974,907.4936,0.015153376,0,9694.693,9778.84,9670.758,29144.291,7286.0728,0,9778.84,3643.9669386148453,7287.933877229691,1460.6736432552339,7303.368216276169,1625.9387294054031,9755.632376432419,2105.423765829631,14737.966360807419,1352.8142562071482,20292.213843107224,0.052059375,0.013014844,4,4,4
"16",-4.508812,1304.4374,0.016772982,5.938473,1295.0055,0.011878945,1449.7616,1081.1793,0.008771785,5.303283,907.5343,0.01501018,0.24644245,0.25510818,9773.647,0.34296042,9774.492,2443.623,0.24644245,9773.647,4864.847900390625,9729.69580078125,1948.3379511356354,9741.689755678177,1624.4985438585281,9746.991263151169,1742.7507747582026,12199.255423307419,1509.1611963113148,22637.417944669724,0.052433893,0.013108473,4,4,4
"17",-4.528103,1304.4487,0.016715964,5.94882,1295.015,0.011879992,-4.3363075,1297.6693,0.0085207205,5.3022337,907.5314,0.015027094,0.14880651,0.09347946,9773.471,0.020688754,9773.733,2443.4333,0.020688754,9773.471,2443.5281982421875,4887.056396484375,2435.692653608322,12178.46326804161,2030.8538508812587,12185.123105287552,1741.4892303943634,12190.424612760544,1663.2156376361847,24948.23456454277,0.05214377,0.013035943,4,4,4
"18",-4.527027,1304.451,0.01673527,5.9492054,1295.0161,0.011895166,1453.725,1073.902,0.009233179,5.301709,907.53,0.015019593,0.016996855,0.007739881,9806.755,0.009583722,9806.789,2451.6973,0.007739881,9806.755,2447.5653076171875,4895.130615234375,2925.337507867813,14626.687539339066,2438.360088944435,14630.16053366661,2090.974338701793,14636.820370912552,1817.481940126419,27262.229101896286,0.052883204,0.013220801,4,4,4
"19",-4.5270424,1304.451,0.016735185,1450.4768,1069.7645,0.01876231,1453.5708,1073.6342,0.012914157,1450.6215,1069.2034,0.015313335,0.00010144123,9719.349,2.0544379,9668.488,19389.89,4847.4727,0.00010144123,9719.349,3649.5849609375,7299.169921875,3894.459814453125,19472.299072265625,3245.693365931511,19474.160195589066,2782.5190271309443,19477.63318991661,2137.1170801003773,32056.75620150566,0.06372499,0.015931247,4,4,4
"20",-4.5052853,1304.4387,0.016846495,1450.7662,1070.8986,0.022961767,1450.1123,1065.1622,0.01411849,1450.9437,1069.4702,0.018878283,0.16625173,7.7807784,60.834106,2.7815707,71.562706,17.890676,0.16625173,60.834106,2432.6816663742065,4865.363332748413,2440.8233989715577,12204.116994857788,3248.36495812734,19490.189748764038,2784.578696012497,19492.05087208748,2134.017998043696,32010.26997065544,0.07280503,0.018201258,4,4,4
"21",1450.8446,1068.7908,0.024413917,1450.4043,1069.4713,0.03458753,1456.2064,1058.726,0.023645038,1450.4406,1068.9828,0.028691953,9801.252,9.788749,58.925877,4.6572857,9874.624,2468.656,4.6572857,9801.252,1243.273341178894,2486.546682357788,2445.8299907684327,12229.149953842163,2445.462166786194,14672.773000717163,3136.977964946202,21958.845754623413,2290.0518572966257,34350.77785944939,0.11133844,0.02783461,4,4,4
"22",-4.521734,1304.3843,0.016761206,1450.7178,1054.4224,0.018181952,1452.3507,1050.9626,0.013306766,1450.7094,1053.5648,0.016947463,9801.303,100.06791,57.625782,102.51504,10061.512,2515.378,57.625782,9801.303,2492.0169677734375,4984.033935546875,2460.2189067840577,12301.094533920288,2457.4213139216104,14744.527883529663,2455.450132914952,17188.150930404663,2136.003061723709,32040.045925855637,0.065197386,0.016299346,4,4,4
"23",1449.8314,1069.6309,0.018849123,1449.2834,1071.4039,0.02448025,1455.6355,1061.3256,0.016793378,1449.5485,1055.4174,0.020665241,9793.762,113.29633,72.27135,14.534114,9993.863,2498.4658,14.534114,9793.762,2506.921875,5013.84375,2469.5726177215574,12347.863088607788,2466.5933923721313,14799.560354232788,2463.2848148345947,17242.993703842163,2294.972207434972,34424.58311152458,0.080787994,0.020196998,4,4,4
"24",1453.1962,1036.1504,0.031877387,1449.9152,1052.7014,0.0393512,1455.9612,1059.9768,0.029398032,1450.221,1056.3561,0.039978165,223.70111,124.406204,9.2243,7.6767974,365.0084,91.2521,7.6767974,223.70111,1294.858959197998,2589.717918395996,1518.3285060882567,7591.642530441284,2073.1858644485474,12439.115186691284,2127.258921759469,14890.812452316284,1968.9000816822052,29533.501225233078,0.14060478,0.035151195,4,4,4
"25",1448.9465,1051.658,0.034163367,1450.094,1052.8239,0.049107026,1454.8624,1052.4119,0.033669025,1450.6437,1055.7106,0.04102764,106.896065,1.4408332,50.81983,5.1296973,164.28644,41.07161,1.4408332,106.896065,66.1618537902832,132.3237075805664,1522.9646926879882,7614.823463439941,1272.119023323059,7632.7141399383545,1782.8838280269078,12480.186796188354,1808.1539116382598,27122.3086745739,0.15796706,0.039491765,4,4,4
"26",1454.0361,1036.3856,0.022270441,1450.792,1036.3668,0.024625253,1452.2058,1037.9547,0.023154981,1452.2853,1037.764,0.033389803,107.02091,109.50556,97.721146,119.807594,434.0552,108.5138,97.721146,119.807594,74.79270553588867,149.58541107177734,1050.9362518310547,5254.681259155273,1287.2228775024414,7723.337265014648,1105.8897059304375,7741.2279415130615,1815.0347312450408,27225.520968675613,0.10344048,0.02586012,4,4,4
"27",-4.616844,1304.3894,0.016452529,1451.3322,1019.6882,0.012948001,1454.7802,1019.2811,0.014101954,5.275831,907.53784,0.01531734,9859.522,110.938675,125.31709,9658.673,19754.451,4938.613,110.938675,9859.522,2523.5632972717285,5047.126594543457,1535.5832244873047,7677.916122436523,1698.8823420206706,10193.294052124023,1808.8500082833427,12661.950057983398,2143.831594959895,32157.473924398422,0.058819823,0.014704956,4,4,4
"28",-4.5965786,1304.416,0.016377226,1403.4076,1039.7528,0.015720826,1450.045,1034.8589,0.011332716,5.2639585,907.75037,0.014940439,0.22237277,345.40155,108.24038,1.4150764,455.2794,113.81985,0.22237277,345.40155,2526.216320037842,5052.432640075684,1058.6540298461914,5293.270149230957,1298.6226615905762,7791.735969543457,1472.4448427472796,10307.113899230957,2151.188051811854,32267.82077717781,0.05837121,0.014592802,4,4,4
"29",1450.9092,1004.4225,0.01940566,1451.1158,1003.38116,0.031900976,1452.6249,1004.507,0.020148547,1448.2291,1007.73303,0.02561908,9879.671,398.8263,202.50838,9615.908,20096.914,5024.2285,202.50838,9879.671,2569.024181365967,5138.048362731934,2045.2493133544922,10226.246566772461,1719.5831108093262,10317.498664855957,1830.8520693097796,12815.964485168457,2486.012544631958,37290.18816947937,0.09707426,0.024268566,4,4,4
"30",1456.0586,985.0925,0.016451532,1444.0204,1001.1933,0.023603197,1421.2411,1066.5062,0.01649191,1418.9333,1071.1365,0.016422778,132.98825,49.362537,461.97238,464.32916,1108.6523,277.1631,49.362537,464.32916,2650.69580078125,5301.3916015625,2092.467608642578,10462.33804321289,1750.5682754516602,10503.409652709961,1513.523107256208,10594.661750793457,2018.751900100708,30281.27850151062,0.07296942,0.018242355,4,4,4
"31",1420.0278,1035.1823,0.024158584,1419.738,1037.0387,0.041950393,1420.8622,1036.8788,0.030697621,1416.7954,1038.8704,0.031514164,410.20132,287.83264,196.98088,214.97717,1109.992,277.498,196.98088,410.20132,277.3305358886719,554.6610717773438,2126.2644454956053,10631.322227478027,1789.972671508789,10739.836029052734,1540.129662649972,10780.907638549805,1874.3435626983642,28115.153440475464,0.12832077,0.032080192,4,4,4
"32",1417.4817,1032.3584,0.042763434,1419.6707,1038.1405,0.05052786,1424.0875,1029.4318,0.05749112,1417.41,1038.4976,0.04163937,25.277452,7.3385534,53.952114,4.778949,91.34706,22.836765,4.778949,53.952114,150.1673755645752,300.3347511291504,1143.109239959717,5715.546199798584,1775.6931654612224,10654.158992767334,1537.5246849060059,10762.672794342041,1712.9704570770264,25694.556856155396,0.1924218,0.04810545,4,4,4
"33",-4.5664644,1304.4421,0.016221453,1435.5895,1053.1477,0.020733856,1443.9823,1060.265,0.017234027,1424.7136,1070.3025,0.022228189,9625.338,145.44276,243.94743,216.94421,10231.672,2557.918,145.44276,9625.338,1290.3773670196533,2580.7547340393066,1631.92886428833,8159.64432144165,1378.9106947580974,8273.464168548584,1887.4395659310478,13212.076961517334,1720.0518372853596,25800.777559280396,0.07641752,0.01910438,4,4,4
"34",1418.9075,1032.4779,0.017206576,1403.6893,1020.2438,0.022739831,1437.6262,941.9018,0.014536202,1418.8414,1036.533,0.014931675,9634.499,304.6729,788.0186,227.87054,10955.061,2738.7651,227.87054,9634.499,2648.341552734375,5296.68310546875,1174.8361885070801,5874.1809425354,1816.4015763600667,10898.4094581604,1573.1756150381905,11012.229305267334,1579.4713359832763,23692.070039749146,0.06941429,0.017353572,4,4,4
"35",1418.5824,1017.3179,0.018264946,1419.8507,1005.9088,0.027526818,1419.6237,1003.4618,0.018869305,1419.1248,1005.7969,0.023615407,100.80787,143.6166,426.39496,204.34377,875.1632,218.7908,100.80787,426.39496,1478.7779693603516,2957.555938720703,1163.1617317199707,5815.8086585998535,1015.4952907562256,6092.9717445373535,1588.1714657374791,11117.200260162354,1592.8646776835124,23892.970165252686,0.088276476,0.022069119,4,4,4
"36",-4.5663824,1304.4434,0.016220076,1404.2169,1019.5071,0.024185505,1420.6912,1003.2506,0.014175051,1418.7068,1007.6241,0.016429527,9651.804,137.74922,7.234365,12.46114,9809.248,2452.312,7.234365,9651.804,1335.5514068603516,2671.102813720703,1598.124536895752,7990.62268447876,1378.0201117197673,8268.120670318604,1220.7548223223005,8545.283756256104,1591.7750780741374,23876.62617111206,0.07101016,0.01775254,4,4,4
"37",1440.9146,998.68835,0.03274828,1402.1364,1019.6123,0.045425978,1410.184,1013.79956,0.029127251,1405.5531,1021.9323,0.03794677,9822.262,13.849392,98.9827,129.20927,10064.303,2516.0757,13.849392,9822.262,2484.19384765625,4968.3876953125,2096.772320556641,10483.861602783203,1751.1163946787517,10506.69836807251,1540.5994791303362,10784.196353912354,1591.8215950012207,23877.32392501831,0.14524828,0.03631207,4,4,4
"38",1442.7513,1000.9089,0.029588895,1400.5487,1022.9538,0.02996388,1434.4257,993.6313,0.016650176,1403.4945,1018.01044,0.02350589,19.15806,24.594368,209.64244,29.446379,282.84125,70.71031,19.15806,209.64244,1293.3929977416992,2586.7859954833984,1599.3307891845702,7996.653945922852,1759.0953191121419,10554.571914672852,1511.058382851737,10577.408679962158,1429.9712277730307,21449.56841659546,0.09970884,0.02492721,4,4,4
"39",1438.1504,970.0074,0.022646671,1400.2644,1023.3041,0.026533622,1433.9491,955.53534,0.019937437,1435.3658,958.6668,0.022413878,207.69933,2.9991786,253.28366,447.81665,911.7988,227.9497,2.9991786,447.81665,149.33000946044922,298.66001892089844,1097.1677032470702,5485.838516235352,1370.7672754923503,8224.603652954102,1540.3602316720146,10782.521621704102,1439.0844017028808,21586.266025543213,0.091531605,0.022882901,4,4,4
"40",1440.0864,982.6129,0.027566545,1436.3098,973.54,0.03155466,1433.9354,971.3226,0.021531316,1434.6136,973.3978,0.027820501,84.78485,408.50305,104.95438,98.060165,696.3025,174.07562,84.78485,408.50305,201.01266479492188,402.02532958984375,1088.2246673583984,5441.123336791992,943.3190231323242,5659.914138793945,1199.8113250732422,8398.679275512695,1447.9513359069824,21719.270038604736,0.10847302,0.027118254,4,4,4
"41",-4.577279,1304.454,0.016205851,1401.322,1022.76324,0.023459982,1400.9685,1017.4595,0.015387706,1403.059,1016.88794,0.022926224,9839.645,401.48267,376.97632,357.2107,10975.314,2743.8286,357.2107,9839.645,1458.9521179199219,2917.9042358398438,1146.5279876708985,5732.639938354492,1364.1586583455403,8184.951950073242,1200.534678867885,8403.742752075195,1623.6389900207519,24354.58485031128,0.077979766,0.019494941,4,4,4
"42",-4.5770874,1304.4541,0.016203957,1401.574,1023.41125,0.025743313,1401.7385,1017.62463,0.017266924,1402.5876,1016.5946,0.024586618,0.0015108151,4.622178,5.235561,3.6906078,13.549857,3.3874643,0.0015108151,5.235561,1373.6080387830734,2747.216077566147,643.9903438091278,3219.951719045639,956.0045671065649,5736.027402639389,1169.762773479734,8188.339414358139,1294.623968108495,19419.359521627426,0.08380081,0.020950202,4,4,4
"43",-4.5770874,1304.4541,0.016203957,1401.5746,1023.4122,0.025726892,1401.7385,1017.61664,0.017239742,1402.5884,1016.5847,0.024573198,0,0.007315031,0.053155202,0.065914005,0.12638424,0.03159606,0,0.065914005,1.709530172869563,3.419060345739126,629.8546006433666,3149.273003216833,536.6638858510802,3219.9833151064813,819.4369998143187,5736.058998700231,1287.0380847054223,19305.571270581335,0.08374379,0.020935947,4,4,4
"44",-4.5755787,1304.4537,0.01623115,1401.4221,1023.0283,0.023243371,1401.7994,1017.07635,0.015924279,1402.5677,1016.2279,0.024116734,0.010321248,2.745788,3.6145868,2.3760633,8.746759,2.1866899,0.010321248,3.6145868,1.1091429572552443,2.2182859145104885,584.7019972078502,2923.509986039251,525.2432821784168,3151.459693070501,460.3100007085928,3222.1700049601495,952.2352963206669,14283.529444810003,0.07951553,0.019878883,4,4,4
"45",-4.5752954,1304.4547,0.016229209,1401.3242,1023.13983,0.021638496,1401.9712,1016.93134,0.01549875,1402.909,1015.45856,0.022896403,0.006759797,0.9864966,1.4944037,5.5953865,8.083047,2.0207617,0.006759797,5.5953865,2.103725790977478,4.207451581954956,550.2910250417888,2751.455125208944,487.5884579612563,2925.530747767538,450.49720782839825,3153.480454798788,933.8924747067193,14008.38712060079,0.076262854,0.019065714,4,4,4
"46",1456.6464,973.242,0.024468912,1438.3002,971.77295,0.0208035,1435.5066,970.38257,0.015651662,1402.82,1015.55554,0.022883313,9960.705,420.7633,381.40417,0.8755991,10763.749,2690.9373,0.8755991,9960.705,1346.4790087938309,2692.9580175876617,539.7127535574139,2698.563767787069,907.0653968447199,5442.392381068319,802.3525719467018,5616.468003626913,1094.7884260413548,16421.82639062032,0.08380739,0.020951847,4,4,4
"47",1434.7175,971.7817,0.023019811,1433.7991,971.3094,0.030920489,1437.9059,972.0694,0.021144897,1436.0697,974.6472,0.029997902,146.10693,30.081816,19.498175,350.46255,546.1495,136.53737,19.498175,350.46255,1413.7373123168945,2827.474624633789,566.3427344553172,2831.7136722765863,472.51685609358054,2835.101136561483,796.9899642632475,5578.929749842733,1102.3684662736953,16535.52699410543,0.10508309,0.026270773,4,4,4
"48",-4.557461,1304.4214,0.01631514,1401.0739,1005.15594,0.02097428,1440.2917,964.01355,0.016423956,1381.6957,1018.63617,0.019207852,9820.598,312.9905,55.855118,464.96283,10654.406,2663.6016,55.855118,9820.598,1400.069465637207,2800.138931274414,1099.0567277431487,5495.283638715744,915.8858724627644,5495.315234776586,785.5289570087833,5498.702699061483,1109.4140391903618,16641.21058785543,0.072921224,0.018230306,4,4,4
"49",1434.0026,956.90295,0.018170994,1434.6484,955.14594,0.023958594,1441.2402,964.8468,0.017276295,1438.9995,959.006,0.021144576,9838.723,400.44537,8.393243,549.80194,10797.363,2699.3408,8.393243,9838.723,2681.47119140625,5362.9423828125,1638.4875538349152,8192.437769174576,1365.770743171374,8194.624459028244,1170.6651507270124,8194.656055089086,1106.7857514299453,16601.78627144918,0.08055046,0.020137616,4,4,4
"50",1448.7565,952.71387,0.018026074,1435.491,953.0276,0.029278995,1460.3555,946.8058,0.020864794,1444.6166,944.5347,0.025694754,101.96175,15.155884,174.74016,103.19879,395.05658,98.764145,15.155884,174.74016,1399.0524826049805,2798.104965209961,1657.83623046875,8289.18115234375,1381.8669856786728,8291.201914072037,1184.769800560815,8293.388603925705,1098.7839742896458,16481.759614344686,0.09386462,0.023466155,4,4,4
"51",1450.2798,939.46857,0.02211537,1452.0596,937.0723,0.04926535,1454.964,941.735,0.031519074,1453.8093,947.326,0.033324372,88.63589,152.91806,49.20505,63.868988,354.628,88.657,49.20505,152.91806,93.7105712890625,187.421142578125,1137.380178833008,5686.900894165039,1396.3063583374023,8377.838150024414,1197.1227016789574,8379.8589117527,941.2069733537734,14118.1046003066,0.13622417,0.03405604,4,4,4
"52",1392.5984,925.30615,0.017285056,1453.1293,938.53937,0.03796124,1452.8169,940.61487,0.023092119,1454.5771,945.3977,0.022652488,394.85837,12.07033,16.099653,13.798239,436.8266,109.20665,12.07033,394.85837,98.93182373046875,197.8636474609375,1131.9140350341797,5659.570175170898,966.0179239908854,5796.1075439453125,1212.4349714006696,8487.044799804688,780.7490377662083,11711.235566493124,0.10099091,0.025247727,4,4,4
"53",1390.6925,919.19946,0.017537594,1454.6573,906.376,0.025019426,1422.6276,907.074,0.019294688,1449.7809,912.2248,0.01736222,42.52886,214.06508,300.00232,222.82841,779.4247,194.85617,42.52886,300.00232,152.03141021728516,304.0628204345703,638.1649566650391,3190.8247833251953,975.7377243041992,5854.426345825195,855.8519592285156,5990.963714599609,789.0254283505182,11835.381425257772,0.07921393,0.019803483,4,4,4
"54",1432.6001,906.5676,0.027198488,1448.3206,907.07623,0.039158717,1461.9246,916.66766,0.03477479,1449.178,927.98376,0.036740284,290.985,42.38377,268.92114,104.84312,707.13306,176.78326,42.38377,290.985,185.81971740722656,371.6394348144531,133.6534454345703,668.2672271728516,561.2680079142252,3367.6080474853516,861.6013728550503,6031.209609985352,785.6143321591119,11784.214982386678,0.13787228,0.03446807,4,4,4
"55",1433.5165,906.9288,0.032392286,1438.1146,908.887,0.038548082,1442.1976,901.71277,0.041268073,1428.7686,920.40515,0.037181046,6.5481844,68.90924,164.57127,144.73529,384.76398,96.190994,6.5481844,164.57127,136.48712921142578,272.97425842285156,133.1388153076172,665.6940765380859,127.40970357259114,764.4582214355469,494.8284345354353,3463.799041748047,780.422023606052,11706.33035409078,0.14938949,0.037347373,4,4,4
"56",1438.9855,914.23517,0.050456386,1435.954,907.53955,0.058809698,1441.4993,917.1426,0.048959013,1428.2751,920.98694,0.05708723,60.673573,16.92849,102.6832,5.0714135,185.35667,46.33917,5.0714135,102.6832,71.26508140563965,142.5301628112793,124.67524948120118,623.3762474060059,118.67220751444499,712.0332450866699,115.82819856916156,810.7973899841309,600.5893939572076,9008.840909358114,0.21531233,0.053828083,4,4,4
"57",-4.5460663,1304.4406,0.016349068,1419.3116,910.3059,0.021455316,1421.0659,905.50116,0.022813717,1421.6943,908.7761,0.021303033,9941.102,112.1572,156.34157,92.216675,10301.817,2575.4543,92.216675,9941.102,1310.8967571258545,2621.793514251709,617.9247886657715,3089.6239433288574,533.1384321848551,3198.830593109131,469.64108439854215,3287.487590789795,772.0605193850895,11580.907790776342,0.08192114,0.020480284,4,4,4
"58",1421.1786,966.2132,0.02638863,1418.8047,973.04834,0.035233036,1419.6691,972.6803,0.02252271,1418.1884,973.9844,0.02687006,9741.3545,417.1286,446.70694,434.134,11039.324,2759.831,417.1286,9741.3545,2667.6427001953125,5335.285400390625,1130.919765472412,5654.598827362061,974.9091663360596,5849.454998016357,851.2373782566616,5958.661647796631,956.0471499602,14340.707249403,0.11101444,0.02775361,4,4,4
"59",1421.328,965.74994,0.025349835,1388.1086,939.0281,0.024376519,1405.5037,940.2603,0.019343715,1395.5626,940.7127,0.022238346,3.2359798,304.62488,235.20523,267.4904,810.5565,202.63913,3.2359798,304.62488,1481.235092163086,2962.470184326172,1136.0909385681152,5680.454692840576,976.2063261667887,5857.237957000732,864.5848753792899,6052.094127655029,969.4106459458669,14541.159689188004,0.091308415,0.022827104,4,4,4
"60",1371.124,933.99884,0.023760898,1387.974,937.42206,0.039470717,1376.4738,931.6068,0.024765044,1419.4065,925.5136,0.03177779,394.90616,10.714349,201.38428,187.98157,794.9863,198.74658,10.714349,394.90616,200.69285583496094,401.3857116699219,1156.602056121826,5783.010280609131,979.8668791453043,5879.201274871826,865.1406484331403,6055.984539031982,982.5257006327312,14737.885509490967,0.11977445,0.029943613,4,4,4
"61",1371.7849,934.38513,0.01740491,1417.1185,925.80786,0.024795255,1421.3145,908.2267,0.020423083,1420.1954,924.92035,0.020757152,5.089104,208.57233,336.1916,6.56236,556.4154,139.10385,5.089104,336.1916,168.9252166748047,337.8504333496094,1175.1549926757812,5875.774963378906,987.019021987915,5922.11413192749,859.7578751700265,6018.305126190186,812.40347366333,12186.052104949951,0.0833804,0.0208451,4,4,4
"62",1419.9552,924.74365,0.038657732,1417.4642,925.8245,0.053744633,1421.6512,925.3605,0.034211207,1419.8796,924.7901,0.040916886,326.59027,2.3009205,113.92834,2.2709873,445.09055,111.27264,2.2709873,326.59027,125.1882438659668,250.3764877319336,682.3186508178711,3411.5932540893555,997.8412666320801,5987.0475997924805,861.9123954772949,6033.386768341064,810.7191581726074,12160.787372589111,0.16753046,0.041882616,4,4,4
"63",1419.6412,923.8778,0.03849767,1418.4603,925.9979,0.049782146,1421.1151,925.2157,0.037309874,1419.6233,926.0089,0.042355586,6.122928,6.7216735,3.6919043,8.28,24.816505,6.2041264,3.6919043,8.28,58.73838138580322,117.47676277160645,131.59326515197753,657.9663257598877,569.6328967412313,3417.7973804473877,856.1788180215018,5993.251726150513,633.5593290964763,9503.389936447144,0.16794527,0.041986316,4,4,4
"64",1419.4933,923.7167,0.04187978,1418.7065,926.2824,0.046943862,1421.2572,924.9078,0.038276624,1419.4946,925.8659,0.041402362,1.4542795,2.5012395,2.2545202,1.2788557,7.488895,1.8722237,1.2788557,2.5012395,4.038175046443939,8.076350092887878,91.4398839712143,457.1994198560715,109.97309158245723,659.8385494947433,488.5242291688919,3419.6696041822433,453.7280893246333,6805.921339869499,0.16850263,0.042125657,4,4,4
"65",1419.5194,923.73535,0.04277072,1418.7253,926.3212,0.0475866,1421.204,924.8937,0.03903721,1419.459,925.8069,0.042120595,0.21348786,0.28673545,0.36603168,0.4583788,1.3246337,0.33115843,0.21348786,0.4583788,1.1016910821199417,2.2033821642398834,51.75679925084114,258.7839962542057,76.25509638090928,457.5305782854557,94.30995827487537,660.1697079241276,447.1658902267615,6707.4883534014225,0.17151512,0.04287878,4,4,4
"66",1419.5334,923.70306,0.04673593,1418.7644,926.3442,0.05495056,1421.2588,925.40015,0.045456145,1419.7888,925.98926,0.04921399,0.23406023,0.3011902,3.3866959,2.5056226,6.427569,1.6068922,0.23406023,3.3866959,0.9690253287553787,1.9380506575107574,24.257407432794572,121.28703716397285,43.39848141372204,260.39088848233223,65.59106721622604,459.13747051358223,441.362549863259,6620.438247948885,0.19635662,0.049089156,4,4,4
"67",1419.9465,923.94794,0.044416655,1419.0173,925.92993,0.0542695,1421.544,925.4721,0.043229982,1419.5443,925.69635,0.05132029,3.1924691,3.2266886,1.9551648,2.536548,10.910871,2.7277176,1.9551648,3.2266886,2.1673049330711365,4.334609866142273,2.5484236776828766,12.742118388414383,20.669125800331432,124.0147548019886,37.588372302906855,263.118606120348,434.26395438710847,6513.959315806627,0.19323643,0.048309106,4,4,4
"68",1420.3717,924.2375,0.03516115,1418.4374,926.1201,0.039662253,1421.4696,925.1901,0.031983495,1419.6233,925.5494,0.038120747,3.4197748,4.0575976,1.9386871,1.1092236,10.525283,2.6313207,1.1092236,4.0575976,2.6795191764831543,5.359038352966309,1.8338625490665437,9.169312745332718,2.562239850560824,15.373439103364944,18.09229650241988,126.64607551693916,421.44896439115206,6321.734465867281,0.14492765,0.036231913,4,4,4
"69",1420.6699,924.3102,0.031755324,1418.2928,925.8526,0.035997804,1421.3757,925.0584,0.027669711,1419.2435,924.9718,0.034444116,2.0406172,2.0214307,1.0752699,4.5953956,9.732714,2.4331784,1.0752699,4.5953956,2.5322495698928833,5.064499139785767,1.9460534870624542,9.730267435312271,1.9337485283613205,11.602491170167923,2.543802504028593,17.80661752820015,409.82562534213065,6147.38438013196,0.12986696,0.03246674,4,4,4
"70",1420.7942,924.54205,0.0244848,1417.9241,925.8752,0.029126495,1421.2041,925.18665,0.02116961,1419.2278,924.65076,0.02902415,1.7489219,2.4562242,1.4243183,2.1368895,7.7663536,1.9415884,1.4243183,2.4562242,2.1873834133148193,4.374766826629639,2.2681394815444946,11.340697407722473,1.9453093061844509,11.671855837106705,1.9348685102803367,13.544079571962357,403.5423316180706,6053.134974271059,0.10380505,0.025951263,4,4,4
"71",1419.5878,924.0545,0.034113556,1418.2439,926.0692,0.03797703,1420.7709,925.34106,0.029431246,1418.7439,925.30225,0.03954109,8.650533,2.4869,3.0576077,5.3951087,19.590149,4.897537,2.4869,8.650533,3.419562816619873,6.839125633239746,2.926268482208252,14.63134241104126,2.7063724398612976,16.238234639167786,2.3670561526502882,16.569393068552017,400.779556196928,6011.69334295392,0.14106292,0.03526573,4,4,4
"72",1420.4281,924.3418,0.025185965,1386.1545,939.9467,0.028696246,1419.0873,925.06537,0.018865107,1419.5502,925.283,0.028359188,5.904035,232.42638,11.341695,5.361678,255.03378,63.758446,5.361678,232.42638,34.3279914855957,68.6559829711914,15.132414102554321,75.6620705127716,13.064964691797892,78.38978815078735,11.428097196987697,79.99668037891388,233.3331628660361,3499.9974429905415,0.10110651,0.025276627,4,4,4
"73",1419.9069,924.66504,0.028315235,1386.3767,940.32916,0.03242191,1419.1404,925.5531,0.024652313,1419.2045,925.97,0.031731214,4.0774674,2.940392,3.2616274,5.112572,15.392059,3.8480148,2.940392,5.112572,33.80323028564453,67.60646057128906,15.375752925872803,76.87876462936401,13.251680890719095,79.51008534431458,11.748257568904332,82.23780298233032,49.600960208972296,744.0144031345844,0.11712067,0.029280167,4,4,4
"74",1419.2426,925.32184,0.029277993,1416.5951,926.8614,0.03481972,1425.783,918.713,0.028617779,1418.5562,925.9437,0.033331085,6.2104645,219.94221,63.38723,4.313565,293.8535,73.46337,4.313565,219.94221,38.65569305419922,77.31138610839844,29.581791496276857,147.90895748138428,25.05702265103658,150.34213590621948,21.853350945881434,152.97345662117004,40.9892429848512,614.838644772768,0.12604657,0.031511642,4,4,4
"75",1419.4746,925.0008,0.030193519,1435.2876,909.01526,0.03482889,1426.1747,918.5541,0.02897565,1418.583,926.33057,0.031714708,2.633499,171.80992,2.8103883,2.5779278,179.83174,44.957935,2.5779278,171.80992,59.21065330505371,118.42130661010742,38.18506088256836,190.9253044128418,32.144482135772705,192.86689281463623,27.900010177067347,195.30007123947144,30.736666538317998,461.04999807477,0.12571277,0.03142819,4,4,4
"76",1419.3708,924.66565,0.031368643,1416.9006,926.36224,0.036688413,1420.0042,925.174,0.029544463,1418.8052,926.4764,0.035060033,2.3323925,168.05223,60.16359,1.766682,232.3149,58.078724,1.766682,168.05223,51.51832962036133,103.03665924072266,48.82129821777344,244.1064910888672,41.50067138671875,249.0040283203125,35.84937381744385,250.94561672210693,25.334991377592086,380.0248706638813,0.13266155,0.033165388,4,4,4
"77",1441.9425,919.20166,0.03242745,1416.6486,926.36926,0.041080702,1419.9739,925.3039,0.03029629,1418.3167,926.75867,0.036224812,154.3916,1.6764586,0.8866126,3.750959,160.70563,40.176407,0.8866126,154.3916,49.12756538391113,98.25513076782227,44.10489044189453,220.52445220947266,47.38048299153646,284.28289794921875,41.31149074009487,289.18043518066406,20.595242740710578,308.92864111065865,0.14002925,0.035007313,4,4,4
"78",1442.301,919.19965,0.029001731,1417.0455,926.72485,0.031836823,1419.6068,924.9855,0.026845863,1418.364,926.8563,0.030674757,2.3835008,3.5430572,3.2304924,0.7215518,9.878602,2.4696505,0.7215518,3.5430572,21.323028683662415,42.64605736732483,43.82921757698059,219.14608788490295,37.16568378607432,222.99410271644592,40.964649779456,286.752548456192,20.346277683973312,305.1941652595997,0.11835917,0.029589793,4,4,4
"79",1442.1989,919.29156,0.030324902,1417.1873,926.8888,0.030594748,1419.3453,925.09564,0.026434219,1418.6647,927.01013,0.028936192,0.9136752,1.4406815,1.8862911,2.2451627,6.4858103,1.6214526,0.9136752,2.2451627,2.0455515384674072,4.0911030769348145,29.460833835601807,147.30416917800903,36.79459007581075,220.7675404548645,32.087936469486785,224.61555528640747,20.329559606313705,304.9433940947056,0.11629006,0.029072516,4,4,4
"80",1442.2079,918.86707,0.028598785,1417.28,926.86456,0.03319344,1419.5587,924.9472,0.028206548,1418.8916,927.0003,0.030528262,2.8227336,0.63745254,1.7280365,1.5100477,6.698271,1.6745677,0.63745254,2.8227336,1.6480101346969604,3.296020269393921,20.80416030883789,104.02080154418945,24.829789479573567,148.9787368774414,31.77744402204241,222.44210815429688,20.419120224316917,306.2868033647537,0.12052704,0.03013176,4,4,4
"81",1441.8573,918.68567,0.032101937,1435.7668,908.3932,0.03488615,1419.7267,925.1096,0.026990773,1433.4899,913.2335,0.02933942,2.6242144,173.73615,1.5533127,133.39806,311.31174,77.827934,1.5533127,173.73615,39.751250982284546,79.50250196456909,24.754002380371094,123.77001190185547,30.308122634887695,181.84873580932617,32.400953020368306,226.80667114257812,25.50052302678426,382.5078454017639,0.12331828,0.03082957,4,4,4
"82",1441.8536,918.3444,0.03383683,1435.8666,908.2823,0.038127434,1419.6871,925.0122,0.02729934,1433.2965,913.2927,0.030938508,2.268762,0.9915491,0.69894344,1.3443699,5.303624,1.325906,0.69894344,2.268762,39.57692015171051,79.15384030342102,16.98390221595764,84.91951107978821,20.84931965668996,125.09591794013977,26.167805978230067,183.17464184761047,25.407068920135497,381.10603380203247,0.13020211,0.03255053,4,4,4
"83",1441.9027,918.3109,0.03272138,1435.6716,908.21954,0.03650845,1419.6746,924.9541,0.028248051,1433.198,913.295,0.030919679,0.39503607,1.3614861,0.39522836,0.6550766,2.806827,0.70170677,0.39503607,1.3614861,1.013806402683258,2.027612805366516,16.63031346797943,83.15156733989716,14.270202974478403,85.62121784687042,17.971089243888855,125.79762470722198,25.27842799027761,379.1764198541641,0.12839755,0.03209939,4,4,4
"84",1442.0092,918.4559,0.030616026,1435.7657,908.39624,0.033640034,1419.6436,925.0004,0.02727881,1418.9714,927.05316,0.02944118,1.195607,1.330933,0.37059134,131.57141,134.46854,33.617134,0.37059134,131.57141,17.159420430660248,34.318840861320496,23.029449772834777,115.14724886417389,19.46145023902257,116.76870143413544,17.034050277301244,119.2383519411087,27.357358368237815,410.3603755235672,0.120976046,0.030244011,4,4,4
"85",1441.8341,918.73236,0.028906101,1417.5244,926.709,0.03161086,1419.5516,924.9264,0.027716484,1419.0299,926.9964,0.029815733,2.175533,171.83676,0.7846496,0.5417629,175.33871,43.83468,0.5417629,171.83676,38.72590637207031,77.45181274414062,31.461471962928773,157.30735981464386,26.496987919012707,158.98192751407623,22.943340012005397,160.60338008403778,30.150231051445008,452.2534657716751,0.118049175,0.029512294,4,4,4
"86",1441.8572,918.30835,0.029140685,1435.935,908.61456,0.032334737,1419.8152,925.02246,0.026516952,1418.9872,927.01056,0.02898501,2.8230186,171.61247,1.8648684,0.299229,176.59958,44.149895,0.299229,171.61247,43.992286682128906,87.98457336425781,24.725864052772522,123.62932026386261,33.57620908816656,201.45725452899933,29.018831746918814,203.1318222284317,32.76705488363902,491.50582325458527,0.11697738,0.029244345,4,4,4
"87",1419.4285,924.97876,0.028203268,1417.5116,926.6072,0.033663675,1419.8264,925.14124,0.028403118,1418.9471,927.24133,0.0313919,155.56178,171.19969,0.7931404,1.5571171,329.11176,82.27794,0.7931404,171.19969,63.21391677856445,126.4278335571289,40.91627061367035,204.58135306835175,34.317876517772675,205.90725910663605,40.53359905311039,283.73519337177277,34.001687757174174,510.0253163576126,0.12166196,0.03041549,4,4,4
