"","head_x","head_y","head_p","center_x","center_y","center_p","leftleg_x","leftleg_y","leftleg_p","rightleg_x","rightleg_y","rightleg_p","Movement_head","Movement_center","Movement_leftleg","Movement_rightleg","All_bp_movements_Animal_1_sum","All_bp_movements_Animal_1_mean","All_bp_movements_Animal_1_min","All_bp_movements_Animal_1_max","Mean_All_bp_movements_Animal_1_mean_2","Sum_All_bp_movements_Animal_1_mean_2","Mean_All_bp_movements_Animal_1_mean_5","Sum_All_bp_movements_Animal_1_mean_5","Mean_All_bp_movements_Animal_1_mean_6","Sum_All_bp_movements_Animal_1_mean_6","Mean_All_bp_movements_Animal_1_mean_7.5","Sum_All_bp_movements_Animal_1_mean_7.5","Mean_All_bp_movements_Animal_1_mean_15","Sum_All_bp_movements_Animal_1_mean_15","Sum_probabilities","Mean_probabilities","Low_prob_detections_0.1","Low_prob_detections_0.5","Low_prob_detections_0.75","walk"
"0",136.38411,731.1425,0.019837156,139.96895,713.7543,0.02549609,403.33322,949.52856,0.020607872,3.4621148,298.62427,0.019227337,5683.5854,5558.222,7883.5435,2282.1665,21407.518,5351.8794,2282.1665,7883.5435,5351.8794,5351.8794,5351.8794,5351.8794,5351.8794,5351.8794,5351.8794,5351.8794,5351.8794,5351.8794,0.08516845,0.021292113,4,4,4,1
"1",136.38411,731.2335,0.019755496,400.0276,953.6675,0.020977704,403.33322,950.38477,0.013832509,3.4660902,298.62527,0.01922836,0.69542575,2703.8083,6.542879,0.0313386,2711.078,677.7695,0.0313386,2703.8083,3014.8245,6029.649,3014.8245,6029.649,3014.8245,6029.649,3014.8245,6029.649,3014.8245,6029.649,0.07379407,0.018448517,4,4,4,1
"2",136.38557,731.2335,0.019755496,401.07346,953.6675,0.024881763,405.99994,950.38477,0.019609982,3.483762,298.62527,0.021869864,0.011193977,7.9922657,20.3784,0.13504374,28.516905,7.129226,0.011193977,20.3784,342.44934,684.8987,2012.2594,6036.7783,2012.2594,6036.7783,2012.2594,6036.7783,2012.2594,6036.7783,0.0861171,0.021529276,4,4,4,1
"3",136.38557,731.2335,0.024113547,400.0276,952.26575,0.029210545,405.99994,950.3013,0.027792336,3.5559793,298.63693,0.019377979,0,13.364763,0.63805664,0.5590104,14.5618305,3.6404576,0,13.364763,5.384842,10.769684,1510.1046,6040.4185,1510.1046,6040.4185,1510.1046,6040.4185,1510.1046,6040.4185,0.10049441,0.025123602,4,4,4,1
"4",375.67065,919.9564,0.019818956,400.0276,952.26575,0.02544696,405.99994,949.52856,0.023670357,424.5713,941.17725,0.018924577,2328.8386,0,5.9048223,5870.2993,8205.043,2051.2607,0,5870.2993,1027.4506,2054.9011,1618.3358,8091.679,1618.3358,8091.679,1618.3358,8091.679,1618.3358,8091.679,0.08786085,0.021965213,4,4,4,1
"5",375.67065,933.5156,0.020748029,399.55377,948.7383,0.030096093,405.99994,948.23004,0.030758493,424.5713,941.17725,0.02058345,103.61611,27.198116,9.922994,0,140.73721,35.184303,0,103.61611,1043.2225,2086.445,554.9968,2774.9841,1354.4773,8126.864,1354.4773,8126.864,1354.4773,8126.864,0.10218607,0.025546517,4,4,4,1
"6",375.3209,920.08527,0.02814906,399.55377,948.7383,0.04497671,405.99994,948.04156,0.043149088,425.3333,941.32355,0.029158803,102.666306,0,1.4402916,5.929551,110.03615,27.509037,0,102.666306,31.34667,62.69334,424.94476,2124.7239,467.0822,2802.4932,1164.9104,8154.3726,1164.9104,8154.3726,0.14543366,0.036358416,4,4,4,1
"7",375.67065,933.5156,0.026051816,399.55377,948.7383,0.039729163,435.1708,948.04156,0.041841656,425.64218,941.46234,0.03126513,102.666306,0,222.91661,2.5876503,328.17056,82.04264,0,222.91661,54.77584,109.55168,439.92743,2199.6372,367.7944,2206.7664,412.07657,2884.536,1029.5519,8236.415,0.13888776,0.03472194,4,4,4,1
"8",375.67065,933.5156,0.020652892,397.4539,970.5004,0.034332428,389.83087,948.04156,0.044370275,425.64218,974.0503,0.026185641,0,167.07338,346.47665,249.02913,762.57916,190.64479,0,346.47665,136.34372,272.68744,477.3283,2386.6416,398.38034,2390.282,342.4873,2397.4111,936.34,8427.061,0.12554124,0.03138531,4,4,4,1
"9",441.50427,983.0792,0.029421264,444.4798,970.8144,0.030802386,389.83087,948.174,0.039196488,440.94736,974.99146,0.029649321,629.7202,359.36847,1.012122,117.17932,1107.2802,276.82004,1.012122,629.7202,233.73242,467.46484,122.44016,612.2008,443.91025,2663.4617,381.0146,2667.102,870.388,8703.88,0.12906946,0.032267366,4,4,4,1
"10",442.233,983.0792,0.03847974,444.48166,970.8144,0.05481008,435.1708,965.502,0.0330018,440.94736,976.64386,0.040363733,5.56877,0.0142256785,370.918,12.627272,389.12827,97.28207,0.0142256785,370.918,187.05106,374.1021,134.85971,674.2986,118.24715,709.48285,394.39194,2760.7437,800.10565,8801.162,0.16665535,0.041663837,4,4,4,1
"11",442.233,983.0792,0.06185703,444.4798,970.76434,0.087229654,435.1708,965.502,0.07134798,440.65002,976.64386,0.060179792,0,0.38272533,0,2.272144,2.6548693,0.6637173,0,2.272144,48.972893,97.945786,129.49065,647.45325,112.49371,674.9623,101.44952,710.1466,733.4855,8801.826,0.28061447,0.07015362,4,4,4,1
"12",442.233,970.83026,0.055234812,397.4539,970.5004,0.06530996,420.67035,965.502,0.053660255,407.98065,976.64386,0.05033897,93.60356,359.36612,110.80894,249.65132,813.42993,203.35748,93.60356,359.36612,102.0106,204.0212,153.75362,768.76807,141.80179,850.8107,125.47425,878.31976,692.7064,9005.184,0.22454399,0.056135997,4,4,4,1
"13",425.44177,966.82513,0.038882162,399.53815,970.2738,0.05789436,420.67035,963.17395,0.044812705,408.04803,976.10565,0.040219724,131.91414,16.021269,17.790493,4.144962,169.87086,42.467716,4.144962,131.91414,122.9126,245.8252,124.1182,620.591,135.20596,811.23584,127.611206,893.27844,646.2608,9047.651,0.18180895,0.045452237,4,4,4,1
"14",411.19745,964.93726,0.04796812,399.2483,969.0961,0.07446172,404.35693,951.6887,0.04375909,407.98065,976.10565,0.04974127,109.80349,9.268068,152.4598,0.5149229,272.04626,68.011566,0.5149229,152.4598,55.23964,110.47928,82.35651,411.78256,114.7671,688.6026,125.606766,879.2474,607.7108,9115.663,0.2159302,0.05398255,4,4,4,1
"15",409.85873,966.82513,0.06178186,399.2483,969.0961,0.078703314,404.35693,951.6887,0.06842154,407.98065,976.10565,0.047429346,17.685738,0,0,0,17.685738,4.4214344,0,17.685738,36.2165,72.433,63.78438,318.9219,69.36733,416.20398,99.00343,693.02405,251.21365,3768.2046,0.25633606,0.064084016,4,4,4,1
"16",409.85873,970.83026,0.04383761,399.53815,970.2738,0.06245296,404.35693,963.17395,0.04527199,408.04803,972.83527,0.04760376,30.606197,9.268068,87.7673,24.996788,152.63837,38.15959,9.268068,87.7673,21.290512,42.581024,71.28356,356.4178,59.513584,357.0815,64.90908,454.3636,208.57298,3128.5947,0.19916631,0.04979158,4,4,4,1
"17",409.85873,979.09625,0.09600119,411.8208,969.2842,0.110436626,411.5828,966.305,0.07150857,408.04803,976.16455,0.097647764,63.166676,94.165184,60.179237,25.441576,242.95268,60.73817,25.441576,94.165184,49.448883,98.897766,42.759697,213.79848,69.52599,417.15598,59.688526,417.81967,212.14691,3182.2039,0.37559417,0.09389854,3,4,4,1
"18",408.44977,979.09625,0.07490677,411.8208,970.19653,0.084596194,413.85617,968.5968,0.080259845,403.79495,976.16455,0.07964982,10.766973,6.9719815,24.668348,32.50101,74.90831,18.727077,6.9719815,32.50101,39.732624,79.46525,38.011566,190.05785,38.75426,232.52556,62.269005,435.88303,213.1527,3197.2903,0.31941262,0.079853155,4,4,4,1
"19",408.1633,979.09625,0.08180566,411.8208,970.70856,0.11043344,414.66525,982.4475,0.08544042,408.09973,975.10095,0.09285079,2.189122,3.9127612,106.02414,33.88527,146.01129,36.502823,2.189122,106.02414,27.61495,55.2299,31.70982,158.5491,37.76011,226.56067,38.432625,269.02838,78.835495,1182.5325,0.3705303,0.09263258,3,4,4,1
"20",408.1633,979.01447,0.10203881,410.75577,970.33276,0.146475,417.62997,982.4475,0.1334398,403.79495,975.10095,0.12962031,0.624997,8.630501,22.655676,32.896065,64.807236,16.201809,0.624997,32.896065,26.352316,52.70463,34.065895,170.32947,29.12515,174.7509,34.68035,242.76247,77.57,1163.5499,0.5115739,0.12789348,0,4,4,1
"21",408.08365,978.9765,0.11466546,409.55096,970.19653,0.15930839,417.62997,982.4475,0.15219022,403.50528,975.10095,0.13113493,0.6742746,9.265482,0,2.2136087,12.153365,3.0383413,0,9.265482,9.620075,19.24015,27.041645,135.20822,28.894636,173.36781,25.398464,177.78925,75.938614,1139.0792,0.557299,0.13932475,0,4,4,1
"22",408.07013,978.5826,0.12023994,408.58255,970.19653,0.16095126,417.62997,982.4475,0.14047913,399.0786,975.10095,0.13680355,3.0120192,7.4003844,0,33.827496,44.2399,11.059975,0,33.827496,7.049158,14.098316,17.106005,85.53002,24.378033,146.26819,26.346827,184.42778,71.206436,1068.0966,0.5584739,0.13961847,0,4,4,1
"23",376.7292,970.38727,0.1016711,392.92123,968.2171,0.13491674,398.55307,973.14777,0.12082211,393.93005,974.9397,0.12873772,247.55249,120.63205,162.18056,39.363323,569.72845,142.43211,39.363323,247.55249,76.74605,153.4921,41.84701,209.23506,37.99369,227.96214,41.2429,288.70032,67.99226,1019.8839,0.48614767,0.12153692,0,4,4,1
"24",376.7292,970.2062,0.103591174,379.6357,960.4414,0.12754284,383.4521,966.82367,0.08754216,379.82043,957.51965,0.107766666,1.3838553,117.63501,125.10882,171.30817,415.43585,103.85896,1.3838553,171.30817,123.14554,246.29108,55.31824,276.5912,52.18234,313.09402,47.403015,331.8211,56.461525,846.92285,0.42644283,0.10661071,1,4,4,1
"25",375.58615,947.8047,0.120813884,377.89548,956.4615,0.15243158,381.62234,952.8116,0.10331901,376.4451,946.2078,0.10874013,171.40938,33.193882,107.98599,90.20843,402.79767,100.69942,33.193882,171.40938,102.27919,204.55838,72.21776,361.0888,62.88177,377.29062,59.11335,413.79343,56.689346,850.3402,0.4853046,0.12132615,0,4,4,1
"26",375.3905,947.77405,0.10457268,364.33844,935.4112,0.11601245,368.06418,936.6008,0.08910024,376.18015,945.42804,0.087309286,1.5133182,191.33525,161.49478,6.2935095,360.63687,90.15922,1.5133182,191.33525,95.42932,190.85864,89.64194,448.2097,75.20801,451.24802,66.77855,467.44983,62.655712,939.8357,0.39699465,0.09924866,2,4,4,1
"27",361.15967,932.2229,0.11498773,363.65793,935.4112,0.117455594,366.70544,936.15515,0.10019223,362.21082,944.8615,0.090670496,161.0861,5.2003016,10.92741,106.837944,284.05176,71.01294,5.2003016,161.0861,80.586075,161.17215,101.63253,508.16266,86.5371,519.22266,74.60871,522.261,53.832745,807.49115,0.42330605,0.10582651,1,4,4,1
"28",360.8976,931.95496,0.09757024,351.48834,932.1041,0.10794872,365.31564,935.8496,0.0803187,360.9748,944.8615,0.07355931,2.8640444,96.36962,10.874146,9.445384,119.55319,29.888298,2.8640444,96.36962,50.45062,100.90124,79.123764,395.61884,89.675156,538.05096,78.44442,549.1109,52.994114,794.91174,0.35939696,0.08984924,3,4,4,1
"29",360.5907,931.781,0.11107379,350.92438,931.3007,0.121176586,364.9831,935.68414,0.08722699,360.8511,944.8615,0.09666195,2.695879,7.5010633,2.838463,0.9451914,13.980597,3.4951491,0.9451914,7.5010633,16.691723,33.383446,59.051003,295.25504,66.519,399.11398,77.36373,541.5461,48.69302,730.3953,0.41613933,0.10403483,2,4,4,1
"30",360.8976,931.545,0.11135728,350.3808,932.1041,0.1291265,364.28775,935.56165,0.092086665,360.78473,944.7072,0.09724279,2.95869,7.4126554,5.395466,1.2835705,17.050383,4.2625957,1.2835705,7.4126554,3.8788724,7.757745,39.76364,198.8182,49.9196,299.5176,57.625225,403.3766,48.68243,730.2365,0.42981327,0.10745332,2,4,4,1
"31",360.8976,931.545,0.116202466,350.26993,932.71844,0.14345029,364.26328,935.56165,0.10010243,360.57483,944.7072,0.1071431,0,4.770315,0.18703268,1.6040035,6.5613513,1.6403378,0,4.770315,2.9514668,5.9029336,22.059864,110.29932,33.409756,200.45854,43.022564,301.15796,46.247814,693.7172,0.4668983,0.11672457,0,4,4,1
"32",360.4719,931.781,0.13211589,349.93555,932.1041,0.1646255,364.13617,935.68414,0.1042424,360.3739,944.527,0.118003786,3.7197728,5.344851,1.3489702,2.0626688,12.476263,3.1190658,1.3489702,5.344851,2.3797019,4.7594037,8.48109,42.405445,18.903065,113.41839,29.082516,203.5776,42.40654,636.09814,0.51898754,0.12974688,0,4,4,1
"33",344.79236,931.3447,0.10714942,346.838,931.0929,0.12580146,353.09476,935.68414,0.09369436,347.10748,944.7072,0.11362956,119.86553,24.900051,84.37576,101.38807,330.52942,82.632355,24.900051,119.86553,42.87571,85.75142,19.029902,95.149506,20.839634,125.0378,28.007248,196.05074,46.666893,700.0034,0.4402748,0.1100687,1,4,4,1
"34",344.79236,931.31793,0.11912197,345.1838,929.7126,0.14334226,352.73776,935.682,0.10837126,345.74304,943.3535,0.117350586,0.20475648,16.463772,2.7281141,14.687681,34.08432,8.52108,0.20475648,16.463772,45.576717,91.153435,20.035088,100.17543,17.27843,103.670586,19.07984,133.55888,44.801445,672.02167,0.48818606,0.122046515,0,4,4,1
"35",343.68332,931.31305,0.15320957,343.99277,929.7126,0.1635001,349.97964,935.682,0.12711672,345.08713,941.3223,0.14409292,8.475088,9.101636,21.076859,16.311077,54.96466,13.741165,8.475088,21.076859,11.131123,22.262245,21.930801,109.65401,18.9861,113.916595,16.773108,117.41175,44.6374,669.56104,0.5879193,0.14697982,0,4,4,1
"36",343.68332,930.97034,0.18268037,335.05228,928.34357,0.16559052,349.48068,935.04004,0.13386491,345.022,941.3223,0.13488187,2.6189241,69.11737,6.213297,0.49766552,78.44726,19.611814,0.49766552,69.11737,16.67649,33.35298,25.525097,127.62548,21.544304,129.26582,19.075487,133.52841,45.7423,686.13446,0.6170177,0.15425442,0,4,4,1
"37",329.8812,930.47845,0.1635564,331.23676,928.34357,0.16684234,335.81857,933.70135,0.15367334,335.5143,941.3223,0.13816962,105.539406,29.157276,104.90247,72.65543,312.25458,78.063644,29.157276,105.539406,48.83773,97.67546,40.51401,202.57005,34.28152,205.68912,29.618494,207.32947,50.20921,753.1382,0.62224174,0.15556043,0,4,4,1
"38",328.89355,930.3078,0.19563915,330.09625,927.9525,0.22429448,335.81857,933.70135,0.16933945,330.53973,928.2075,0.1835343,7.659144,9.213525,0,107.187584,124.06026,31.015064,0,107.187584,54.539352,109.078705,30.190554,150.95277,38.930855,233.58513,33.814884,236.7042,42.781406,641.7211,0.77280736,0.19320184,0,4,4,1
"39",328.10876,930.00793,0.17551892,329.9627,926.8727,0.22263533,335.5226,932.63666,0.18092066,329.44052,938.1671,0.18992823,6.420051,8.314692,8.444648,76.57091,99.7503,24.937574,6.420051,76.57091,27.976318,55.952637,33.473854,167.36926,29.315058,175.89035,36.931812,258.5227,37.51998,562.79974,0.76900315,0.19225079,0,4,4,1
"40",328.10876,930.00793,0.1510464,329.7442,926.7147,0.19256027,335.5226,932.63666,0.1604438,328.7854,938.1671,0.17689383,0,2.0603826,0,5.006273,7.066655,1.7666638,0,5.006273,13.352119,26.704239,31.078953,155.39476,28.189322,169.13593,25.379572,177.65701,30.924465,463.86697,0.68094426,0.17023607,0,4,4,1
"41",327.81442,922.8666,0.13916086,329.0727,926.49786,0.18327427,318.429,919.6005,0.16672267,321.27927,938.1671,0.1796001,54.61883,5.392455,164.2769,57.360035,281.64822,70.412056,5.392455,164.2769,36.08936,72.17872,41.239002,206.195,37.634468,225.80682,34.22114,239.54799,29.607986,444.1198,0.6687579,0.16718948,0,4,4,1
"42",311.82184,915.8815,0.16489306,328.86377,922.9078,0.19528812,318.12894,919.29645,0.18360259,319.27518,938.2773,0.1824021,133.35999,27.480986,3.2644894,15.337881,179.44334,44.860836,3.2644894,133.35999,57.636444,115.27289,34.59844,172.99219,41.84264,251.05583,38.66681,270.66766,27.864513,417.9677,0.7261859,0.18154648,0,4,4,1
"43",311.82184,915.67993,0.15713719,312.8641,913.26294,0.20869826,317.6617,919.29645,0.19467865,318.51447,938.2773,0.15448286,1.5401046,142.76225,3.570412,5.813172,153.68594,38.421486,1.5401046,142.76225,41.64116,83.28232,36.079723,180.39862,35.235615,211.41368,41.353905,289.47733,28.433392,426.5009,0.71499693,0.17874923,0,4,4,1
"44",311.82184,915.67993,0.15658611,312.8641,913.26294,0.2076366,317.56763,918.9975,0.17657495,313.86935,938.2773,0.15526144,0,0,2.3949718,35.4968,37.89177,9.472942,0,35.4968,23.947214,47.89443,32.986797,164.93399,31.64526,189.87155,31.555231,220.88663,28.831913,432.47867,0.6960591,0.17401478,0,4,4,1
"45",311.82184,915.0651,0.1622745,312.2784,912.6946,0.19533508,317.45676,918.60834,0.15421565,304.23282,938.06744,0.14958398,4.698205,6.2366695,3.0922005,73.65749,87.68457,21.921143,3.0922005,73.65749,15.697042,31.394085,37.017693,185.08847,31.14252,186.85513,30.2561,211.7927,30.009148,450.13724,0.6614092,0.1653523,0,4,4,1
"46",311.82184,914.74274,0.15269676,311.74234,912.34174,0.20230578,316.22592,918.60834,0.14370789,303.66418,927.94653,0.16312587,2.4636075,4.9042683,9.405739,77.463486,94.2371,23.559275,2.4636075,77.463486,22.740208,45.480415,27.647137,138.23569,34.774624,208.64774,30.0592,210.4144,31.470411,472.05615,0.66183627,0.16545907,0,4,4,1
"47",298.33408,915.67993,0.16372263,298.5265,911.4543,0.15623169,300.99335,916.42706,0.14504227,298.21628,927.7511,0.116102844,103.31869,101.21973,117.59101,41.658344,363.78778,90.946945,41.658344,117.59101,57.25311,114.50622,36.864357,184.3218,38.197105,229.18263,42.79924,299.5947,37.325603,559.88403,0.58109945,0.14527486,0,4,4,1
"48",297.28326,898.0949,0.12284795,298.11838,911.4543,0.12573884,300.68448,916.3106,0.10867489,298.21628,925.97906,0.10456246,134.62013,3.1186883,2.5224907,13.541447,153.80275,38.450687,2.5224907,134.62013,64.698814,129.39763,36.870197,184.351,37.128746,222.77248,38.23333,267.6333,34.380157,515.7024,0.46182415,0.11545604,0,4,4,1
"49",297.28238,898.0949,0.14288998,296.78802,908.0272,0.13523169,299.08698,904.0624,0.11906739,298.07782,925.47974,0.12875023,0.0067630275,28.092775,94.39072,3.9597247,126.44998,31.612495,0.0067630275,94.39072,35.031593,70.06319,41.29811,206.49054,35.993916,215.96349,36.34071,254.38498,35.919586,538.79376,0.5259393,0.13148482,0,4,4,1
"50",281.47708,899.34454,0.14264742,296.78802,908.0272,0.1506498,286.4019,903.68005,0.14821894,298.07782,925.47974,0.1497841,121.15712,0,96.980354,0,218.13748,54.53437,0,121.15712,43.073433,86.146866,47.820755,239.10378,43.504154,261.0249,38.64255,270.49786,38.639133,579.587,0.59130025,0.14782506,0,4,4,1
"51",279.8777,915.9923,0.13042475,282.57477,908.0272,0.15531558,286.0661,903.68005,0.1281339,298.07782,925.47974,0.14143491,127.8039,108.61422,2.565986,0,238.9841,59.746025,0,127.8039,57.140198,114.280396,55.058105,275.29053,49.8083,298.8498,45.82442,320.77094,41.314747,619.7212,0.5553091,0.13882728,0,4,4,1
"52",279.8777,899.404,0.19116895,281.72858,908.7536,0.22081384,286.0661,903.68005,0.19057277,282.7148,913.781,0.16007315,126.763855,8.52207,0,147.5635,282.84943,70.71236,0,147.5635,65.22919,130.45837,51.01119,255.05594,57.667145,346.00287,52.794594,369.56216,40.82466,612.36993,0.7626287,0.19065717,0,4,4,1
"53",281.55487,899.404,0.15869053,281.71973,892.96716,0.19633609,285.84604,903.42346,0.1614204,282.49976,912.8761,0.16328599,12.816636,120.63611,2.5831702,7.1076813,143.1436,35.7859,2.5831702,120.63611,53.24913,106.49826,50.47823,252.39114,48.47364,290.84183,54.541256,381.7888,41.142715,617.14075,0.679733,0.16993324,0,4,4,1
"54",279.8777,899.34454,0.14026926,271.745,894.67944,0.16838768,285.84604,903.42346,0.15255257,282.38092,912.42523,0.13834137,12.824685,77.33938,0,3.563079,93.72714,23.431786,0,77.33938,29.608843,59.217686,48.842087,244.21043,45.97049,275.82294,44.896233,314.27362,41.04233,615.63495,0.59955084,0.14988771,0,4,4,1
"55",278.8383,899.404,0.14386465,266.2101,896.2094,0.19887817,283.06433,901.6845,0.15372947,267.06723,911.4876,0.15762663,7.955807,43.882385,25.068977,117.24261,194.14978,48.537445,7.955807,117.24261,35.984615,71.96923,47.642704,238.21352,48.791313,292.7479,46.337196,324.36038,44.160385,662.40576,0.65409887,0.16352472,0,4,4,1
"56",267.40335,898.95105,0.14675991,265.92322,896.2094,0.1829321,282.54224,901.0832,0.13942778,266.44458,908.1907,0.17090885,87.4515,2.1923869,6.0854793,25.639744,121.36911,30.342278,2.1923869,87.4515,39.43986,78.87972,41.76195,208.80977,44.7593,268.5558,46.15574,323.09015,41.489063,622.336,0.64002866,0.16000716,0,4,4,1
"57",267.40335,898.95105,0.15978485,265.92322,896.2094,0.2070457,271.99472,901.0627,0.15049379,256.30194,907.8324,0.17995653,0,0,80.60168,77.5559,158.15758,39.539394,0,80.60168,34.940834,69.88167,35.52736,177.63681,41.391525,248.34915,44.0136,308.09518,41.1343,617.0145,0.6972809,0.17432022,0,4,4,1
"58",266.55487,898.67255,0.20184082,266.14716,896.2094,0.23303974,271.33325,900.4163,0.20248862,256.30194,907.8324,0.20607273,6.8242316,1.7112792,7.067383,0,15.602894,3.9007235,0,7.067383,21.720058,43.440117,29.150326,145.75163,30.256254,181.53752,36.035698,252.24988,38.832916,582.4938,0.8434419,0.21086048,0,4,4,1
"59",266.55487,899.0611,0.16645825,266.14716,896.2094,0.20958453,271.19223,900.4163,0.20456992,256.30194,906.3727,0.20420125,2.9692023,0,1.0776534,11.154798,15.2016535,3.8004134,0,11.154798,3.8505683,7.7011366,25.22405,126.120255,24.92534,149.55203,26.476849,185.33794,38.45475,576.8212,0.784814,0.1962035,0,4,4,1
"60",266.55487,898.67255,0.17004523,265.92322,896.20874,0.22660844,270.72534,900.1812,0.19761851,256.23126,906.14844,0.2529724,2.9692023,1.7112869,3.994674,1.7967141,10.471877,2.6179693,1.7112869,3.994674,3.2091913,6.4183826,16.040155,80.200775,21.456371,128.73822,21.738573,152.17001,37.16787,557.51807,0.8472445,0.21181113,0,4,4,1
"61",265.3457,897.8566,0.18671872,265.72998,895.8425,0.22513045,270.00912,899.8415,0.21229447,255.48389,906.0815,0.26139444,11.147034,3.164195,6.05764,5.7341337,26.103004,6.525751,3.164195,11.147034,4.5718603,9.143721,11.276851,56.38425,14.454422,86.72653,19.323425,135.26398,36.032303,540.48456,0.8855381,0.22138453,0,4,4,1
"62",249.50252,883.55347,0.18080582,250.22437,880.2788,0.22482485,255.57333,886.76154,0.1840881,255.04169,905.6142,0.19894819,163.10931,167.88457,148.86273,4.9163036,484.77292,121.19323,4.9163036,167.88457,63.85949,127.71898,27.607616,138.03809,29.596247,177.57748,29.702824,207.91975,38.04872,570.73083,0.78866696,0.19716674,0,4,4,1
"63",249.50252,883.02594,0.2144451,249.3225,880.2788,0.24842557,255.17888,886.4169,0.19874038,250.26076,896.4034,0.18955286,4.031231,6.891875,4.0029154,79.30375,94.22977,23.557442,4.0029154,79.30375,72.375336,144.75067,31.538961,157.69481,26.932589,161.59554,28.73356,201.13492,37.05584,555.8376,0.85116386,0.21279097,0,4,4,1
"64",248.67514,882.66125,0.18339413,249.15785,880.2337,0.23837796,255.00941,886.37195,0.1727399,250.26076,896.12994,0.17565729,6.9095507,1.3045162,1.3397297,2.0895422,11.643338,2.9108346,1.3045162,6.9095507,13.2341385,26.468277,31.361046,156.80522,26.767607,160.60564,23.50091,164.50636,35.142395,527.1359,0.77016926,0.19254231,0,4,4,1
"65",248.67514,882.2589,0.19585265,248.94902,879.92896,0.17740494,253.26236,885.4708,0.16842183,249.98859,896.0651,0.14928241,3.0746121,2.8231332,15.021878,2.138034,23.05766,5.764415,2.138034,15.021878,4.3376245,8.675249,31.990334,159.95168,27.09494,162.56964,23.76715,166.37006,31.891064,478.36597,0.6909618,0.17274044,0,4,4,1
"66",231.4273,867.3423,0.14262651,235.60464,872.5297,0.13813788,239.14513,873.0018,0.13974328,249.78806,892.44257,0.12375845,174.25772,116.6015,143.93578,27.725086,462.52008,115.63002,27.725086,174.25772,60.697216,121.39443,53.811188,269.05594,45.930283,275.5817,39.74281,278.19965,35.616665,534.24994,0.5442661,0.13606653,0,4,4,1
"67",231.4273,867.3423,0.15799768,235.45467,872.5297,0.14535847,239.00352,872.8054,0.1363847,233.90018,887.82166,0.12220564,0,1.1460999,1.8499418,126.44217,129.43822,32.359554,0,126.44217,73.99479,147.98958,36.044453,180.22226,50.235916,301.4155,43.991608,307.94125,33.05981,495.89716,0.5619465,0.14048663,0,4,4,1
"68",231.4273,867.2243,0.15003745,235.25894,872.5297,0.14866422,238.39763,872.2695,0.1439043,233.90018,882.2905,0.121043265,0.9015815,1.4956784,6.1815705,42.26752,50.84635,12.711588,0.9015815,42.26752,22.535572,45.071144,33.875282,169.37642,32.155643,192.93385,44.875298,314.12708,31.521523,472.82285,0.56364924,0.14091231,0,4,4,1
"69",231.8567,867.0335,0.16191334,234.61916,874.4678,0.1767565,238.39763,872.2695,0.16019826,233.90018,882.0739,0.14245033,3.5906925,15.596223,0,1.6553092,20.842226,5.2105565,0,15.596223,8.961072,17.922144,34.335228,171.67613,29.097828,174.58698,28.306345,198.14441,30.306774,454.60162,0.64131844,0.16032961,0,4,4,1
"70",233.04129,867.2243,0.2091815,234.50914,875.60254,0.21654548,238.39763,872.8054,0.20059165,234.012,880.67444,0.16612367,9.168978,8.712258,4.0955963,10.728526,32.70536,8.17634,4.0955963,10.728526,6.693448,13.386896,34.81761,174.08806,29.975412,179.85248,26.109043,182.7633,27.616034,414.2405,0.7924423,0.19811058,0,4,4,1
"71",233.04129,867.2243,0.24717219,234.3211,875.60254,0.26351562,237.53017,872.2695,0.23293996,234.20451,880.27167,0.21018103,0,1.4369102,7.79209,3.4114118,12.640411,3.1601028,0,7.79209,5.6682215,11.336443,12.323628,61.61814,29.54136,177.24817,26.144653,183.01257,25.803888,387.05832,0.9538088,0.2384522,0,4,4,1
"72",231.8567,867.0188,0.2037964,234.3211,874.4678,0.23761596,236.34181,871.60266,0.18317115,234.20451,880.134,0.19534484,9.187524,8.6716,10.413053,1.0522338,29.32441,7.3311024,1.0522338,10.413053,5.2456026,10.491205,7.317938,36.58969,11.491541,68.94924,26.368465,184.57927,23.65667,354.85004,0.8199283,0.20498207,0,4,4,1
"73",218.36836,867.0188,0.14412816,218.00565,866.50146,0.1841464,225.20439,869.4139,0.16063915,234.012,878.7529,0.14583232,103.0746,138.74706,86.73741,10.655638,339.21472,84.80368,10.655638,138.74706,46.06739,92.13478,21.736357,108.681786,20.23223,121.39337,21.964703,153.75293,29.0502,435.753,0.634746,0.1586865,0,4,4,1
"74",217.46288,849.1052,0.19672996,218.00565,866.3373,0.22735152,223.73827,869.2085,0.2006037,218.80443,878.7529,0.25993484,137.06592,1.2546582,11.313169,116.21248,265.84622,66.461555,1.2546582,137.06592,75.632614,151.26523,33.986557,169.93279,29.190556,175.14334,26.836418,187.85492,33.227608,498.41415,0.88462,0.221155,0,4,4,1
"75",217.46288,849.1052,0.22198859,218.00565,859.50226,0.24652077,223.24416,869.2085,0.21317272,207.91745,875.8101,0.27169845,0,52.23156,3.7758682,86.18138,142.18881,35.547203,0,86.18138,51.00438,102.00876,39.460728,197.30365,34.246666,205.47998,30.098648,210.69054,35.422894,531.3434,0.9533806,0.23834515,0,4,4,1
"76",218.36836,866.0485,0.17630546,218.35622,865.4205,0.21013513,222.83234,869.2085,0.1758682,206.74971,875.8101,0.16412464,129.66129,45.304806,3.1470232,8.923581,187.0367,46.759174,3.1470232,129.66129,41.15319,82.30638,48.180542,240.90271,40.677135,244.06282,36.034164,252.23917,38.10512,571.5768,0.7264334,0.18160835,0,4,4,1
"77",218.8909,866.0485,0.20918322,218.35622,865.4205,0.23169547,222.83234,869.4139,0.20661795,206.74971,875.8101,0.20962995,3.9931011,0,1.5694888,0,5.5625896,1.3906474,0,3.9931011,24.074911,48.149822,46.99245,234.96227,40.38223,242.29337,35.06478,245.45346,30.11828,451.77423,0.8571266,0.21428165,0,4,4,1
"78",218.8909,865.875,0.21554203,218.35622,859.50226,0.21412925,222.2541,869.414,0.23326768,207.1899,875.90894,0.20979358,1.3260198,45.22553,4.4187055,3.4475062,54.41776,13.60444,1.3260198,45.22553,7.4975433,14.995087,32.752605,163.76302,41.427784,248.5667,36.556828,255.8978,29.454748,441.82123,0.8727325,0.21818313,0,4,4,1
"79",218.8909,866.0485,0.17446344,203.13208,859.50226,0.18477307,221.38118,869.6031,0.18311259,206.74971,875.90894,0.18258226,1.3260198,116.33911,6.8253813,3.3637898,127.8543,31.963575,1.3260198,116.33911,22.784008,45.568016,25.853008,129.26505,32.621098,195.7266,40.075752,280.53027,31.391598,470.87396,0.72493136,0.18123284,0,4,4,1
"80",218.88582,866.0485,0.18495795,203.13208,857.618,0.24873158,221.22754,869.6031,0.20144252,206.74971,875.90894,0.22840406,0.038829107,14.399185,1.1740849,0,15.612099,3.9030247,0,14.399185,17.9333,35.8666,19.524172,97.620865,22.194677,133.16806,28.518517,199.62962,31.267504,469.01257,0.8635361,0.21588403,0,4,4,1
"81",202.98834,865.875,0.1669518,203.06384,857.618,0.20813452,208.89925,869.6031,0.17958207,204.92003,875.3187,0.18757126,121.491844,0.5214527,94.209785,14.691422,230.9145,57.728626,0.5214527,121.491844,30.815826,61.631653,21.718063,108.59032,25.89158,155.34949,27.270956,190.8967,27.407412,411.11118,0.7422396,0.1855599,0,4,4,1
"82",202.98834,865.43414,0.17991118,202.70651,858.2606,0.22703232,206.73308,868.03534,0.19471827,204.77043,875.19476,0.18912673,3.3689206,5.619003,20.433832,1.4846652,30.906422,7.7266054,1.4846652,20.433832,32.727615,65.45523,22.985254,114.92627,19.386152,116.31692,23.296585,163.0761,25.765215,386.4782,0.79078853,0.19769713,0,4,4,1
"83",202.7433,858.60236,0.17762788,202.43979,858.2606,0.18473206,202.23933,852.5867,0.15657665,202.93001,864.4894,0.15357901,52.24041,2.0382366,122.948006,83.008026,260.23468,65.05867,2.0382366,122.948006,36.39264,72.78528,33.2761,166.38051,29.99749,179.98494,25.910799,181.3756,29.25502,438.82532,0.6725156,0.1681289,0,4,4,1
"84",202.7433,856.2705,0.15603895,201.51762,857.618,0.1838638,194.0699,841.2216,0.15137985,202.78033,864.4894,0.15921892,17.81941,8.589323,106.95837,1.1437678,134.51086,33.627716,1.1437678,106.95837,49.343193,98.686386,33.60893,168.04465,33.3347,200.00822,30.516094,213.61266,31.149498,467.24246,0.65050155,0.16262539,0,4,4,1
"85",202.21121,851.28674,0.14278905,188.57135,846.4982,0.15378442,194.00069,841.13635,0.12727098,202.32468,864.4894,0.14741963,38.301147,130.41563,0.8392327,3.4820263,173.03804,43.25951,0.8392327,130.41563,38.44361,76.88722,41.480225,207.40112,35.217358,211.30415,34.752533,243.26773,33.488377,502.32562,0.5712641,0.14281602,0,4,4,1
"86",183.03577,850.47327,0.12341368,188.31476,846.4982,0.17516205,194.00069,841.2216,0.12350678,187.62218,864.4894,0.128826,146.66585,1.9608115,0.6515827,112.35289,261.63113,65.40778,0.6515827,146.66585,54.33365,108.6673,43.016056,215.08029,45.46815,272.8089,39.530277,276.71194,37.63822,564.5733,0.5509085,0.13772713,0,4,4,1
"87",182.86191,834.06744,0.14466043,187.14551,845.2126,0.18982355,192.67462,841.79584,0.15326427,186.9411,862.26184,0.13819556,125.37631,13.280016,11.042734,17.800196,167.49927,41.874817,11.042734,125.37631,53.6413,107.2826,49.8457,249.2285,42.82585,256.9551,44.95482,314.68372,39.941135,599.117,0.62594384,0.15648596,0,4,4,1
"88",182.86191,833.37146,0.14287232,187.106,845.1833,0.19802503,192.62311,841.2216,0.15967113,178.4198,858.6683,0.1469647,5.318538,0.37584326,4.405661,70.671265,80.77131,20.192827,0.37584326,70.671265,31.033821,62.067642,40.87253,204.36266,44.903553,269.42133,39.59256,277.14792,35.633743,534.50616,0.6475332,0.1618833,0,4,4,1
"89",183.03577,833.37146,0.17372759,186.15636,840.43976,0.16337028,192.0003,841.0906,0.16555575,178.18289,858.5343,0.15242468,1.328585,36.968174,4.8635154,2.0798202,45.240093,11.310023,1.328585,36.968174,15.751425,31.50285,36.408993,182.04497,35.945446,215.67268,40.104477,280.73135,31.956976,479.35464,0.6550783,0.16376957,0,4,4,1
"90",183.48056,833.37146,0.17976852,176.41795,830.82806,0.19606036,190.22726,840.16437,0.19110444,177.70514,857.3383,0.18997915,3.3990042,104.561195,15.286443,9.841634,133.08827,33.272068,3.3990042,104.561195,22.291046,44.582092,34.411503,172.05753,35.886173,215.31703,35.563534,248.94475,31.8053,477.0795,0.7569124,0.1892281,0,4,4,1
"91",183.78246,834.21625,0.16307427,176.41795,830.82806,0.18895595,190.22726,839.74176,0.18039063,177.53853,855.9771,0.14927258,6.855496,0,3.2294621,10.479631,20.56459,5.1411476,0,10.479631,19.206608,38.413216,22.358177,111.790886,29.533112,177.19867,31.494026,220.45818,29.030766,435.4615,0.68169343,0.17042336,0,4,4,1
"92",185.26463,834.21625,0.15275542,176.14377,830.82806,0.17651555,190.04393,839.21967,0.13938572,171.29921,844.17426,0.14236426,11.326438,2.0952559,4.228552,102.02143,119.67168,29.91792,2.0952559,102.02143,17.529533,35.059067,19.966797,99.833984,23.618134,141.7088,29.588083,207.1166,30.932583,463.98874,0.6110209,0.15275523,0,4,4,1
"93",186.71477,834.21625,0.1746538,174.82793,832.4213,0.16704732,189.57529,838.726,0.15550062,161.82314,843.269,0.17962722,11.08157,15.790762,5.201555,72.74352,104.81741,26.204353,5.201555,72.74352,28.061136,56.122272,21.169102,105.84551,21.00639,126.03834,23.987595,167.91316,31.772577,476.58865,0.676829,0.16920725,0,4,4,1
"94",186.71477,834.4055,0.18096955,170.58548,832.4213,0.19381091,188.81549,837.20715,0.16707775,161.78438,842.09973,0.18497464,1.446355,32.41974,12.977997,8.940033,55.784122,13.946031,1.446355,32.41974,20.075191,40.150383,21.696304,108.48152,19.965258,119.79154,19.997766,139.98438,30.571407,458.57114,0.72683287,0.18170822,0,4,4,1
"95",186.71477,834.4055,0.15784077,170.58548,832.4213,0.15519375,178.69054,836.80524,0.13517526,161.78438,840.8765,0.13953759,0,0,77.43336,9.347437,86.78079,21.695198,0,77.43336,17.820614,35.641228,19.38093,96.90465,21.69612,130.17671,20.21239,141.48674,31.757553,476.36328,0.5877474,0.14693685,0,4,4,1
"96",170.74576,836.4453,0.15863238,169.9283,825.84314,0.18053852,177.9482,836.80524,0.17710513,160.86603,840.8765,0.18227907,123.02276,50.51912,5.6727805,7.017807,186.23245,46.558113,5.6727805,123.02276,34.126656,68.25331,27.664322,138.32161,23.91046,143.46277,25.247833,176.73483,31.012852,465.19278,0.69855505,0.17463876,0,4,4,1
"97",170.40399,836.7162,0.13889605,169.9283,825.62897,0.20157045,176.8595,837.20715,0.16755596,158.74419,840.8765,0.13702714,3.3325145,1.6366526,8.868398,16.214592,30.052156,7.513039,1.6366526,16.214592,27.035576,54.07115,23.183348,115.91673,24.305775,145.83466,21.567972,150.9758,30.998615,464.97922,0.6450496,0.1612624,0,4,4,1
"98",170.36066,836.7162,0.16122748,169.9283,825.62897,0.21556515,176.60736,837.20715,0.19601093,160.86603,840.35,0.1537531,0.33115512,0,1.9267632,16.706396,18.964314,4.7410784,0,16.706396,6.127059,12.254118,18.890692,94.45346,20.109636,120.657814,21.510818,150.57573,26.977442,404.66162,0.72655666,0.18163916,0,4,4,1
"99",169.97852,836.4453,0.15513185,170.02025,825.84314,0.22661519,175.73758,834.94727,0.18783653,170.1046,833.7267,0.16385984,3.5794468,1.7811109,18.50443,86.86735,110.73234,27.683084,1.7811109,86.86735,16.212082,32.424164,21.638103,108.19051,20.35609,122.13654,21.191557,148.3409,26.581133,398.71698,0.7334434,0.18336084,0,4,4,1
"100",169.97852,824.90186,0.12222399,169.73485,826.842,0.17622559,174.625,834.94727,0.1473415,158.74419,833.7267,0.12586883,88.212265,7.938365,8.502058,86.813484,191.46617,47.866543,7.938365,88.212265,37.774815,75.54963,26.872372,134.36186,26.00951,156.05705,24.286156,170.00308,26.888268,403.32404,0.5716599,0.14291498,0,4,4,1
"101",169.50075,824.4633,0.14839831,169.6525,826.842,0.19701402,174.19534,834.4068,0.16117534,158.74419,832.38416,0.14422928,4.955826,0.6293114,5.2761817,10.259279,21.120598,5.2801495,0.6293114,10.259279,26.573345,53.14669,18.61678,93.08389,23.273668,139.64201,23.048172,161.3372,22.879759,343.19638,0.6508169,0.16270423,0,4,4,1
"102",168.90692,816.9432,0.1481923,169.13086,826.842,0.18612859,173.41586,821.89703,0.13955319,148.40472,826.88184,0.14997141,57.645966,3.9862216,95.78195,89.50318,246.91733,61.729332,3.9862216,95.78195,33.50474,67.00948,29.460037,147.30019,25.802204,154.81323,28.767334,201.37134,24.203394,363.0509,0.6238455,0.15596138,0,4,4,1
"103",152.09117,816.9432,0.094264746,155.15157,818.1845,0.13885085,164.0358,821.89703,0.103109434,147.80951,826.88184,0.10953897,128.50183,125.65342,71.68016,4.5484858,330.38388,82.59597,4.5484858,128.50183,72.16265,144.3253,45.031017,225.15508,38.316025,229.89616,33.9156,237.4092,28.363604,425.45404,0.445764,0.111441,1,4,4,1
"104",150.01193,808.43634,0.111967735,155.15157,815.57336,0.16404866,162.55513,809.13513,0.12485687,147.36856,826.44916,0.18630637,66.920784,19.95373,98.17751,4.7208853,189.77292,47.44323,4.7208853,98.17751,65.0196,130.0392,48.983044,244.91522,45.433052,272.5983,39.61991,277.3394,30.772484,461.58725,0.5871796,0.1467949,0,4,4,1
"105",149.88188,808.43634,0.12862813,141.51302,814.7699,0.1831719,161.79016,809.13513,0.1471893,146.27893,826.44916,0.18626672,0.9938152,104.40315,5.8457046,8.326686,119.56935,29.892338,0.9938152,104.40315,38.667786,77.33557,45.388203,226.94102,45.80126,274.80756,43.212948,302.49066,30.547169,458.20752,0.64525604,0.16131401,0,4,4,1
"106",150.01193,808.43634,0.1261475,141.51302,814.7699,0.18163784,161.25342,819.17725,0.13309668,145.94252,825.65955,0.15893692,0.9938152,0,76.84891,6.558829,84.40155,21.100388,0,76.84891,25.496363,50.992725,48.55225,242.76126,41.340233,248.04141,42.272564,295.90796,31.611118,474.16678,0.59981894,0.14995474,0,4,4,1
"107",151.37178,808.43634,0.14142089,138.38257,808.96027,0.19746947,160.93799,819.17725,0.18446264,145.84015,824.1104,0.19498841,10.391624,50.430668,2.4104362,11.863916,75.09664,18.77416,2.4104362,50.430668,19.937275,39.87455,39.961216,199.80609,43.589237,261.53543,38.11651,266.81555,30.8682,463.023,0.7183414,0.17958535,0,4,4,1
"108",151.37178,803.02997,0.1513274,138.37277,808.7093,0.2073894,159.27454,818.07654,0.17282075,143.90189,822.9752,0.22345638,41.314167,1.9193618,15.24263,17.165098,75.64126,18.910315,1.9193618,41.314167,18.842237,37.684475,27.224087,136.12042,36.452732,218.7164,40.063675,280.44574,30.381931,455.72897,0.7549939,0.18874848,0,4,4,1
"109",152.96562,802.7774,0.15277329,138.37277,808.7093,0.20550655,158.86662,818.07654,0.15781514,143.90189,822.3398,0.17832868,12.331717,0,3.1171725,4.8558536,20.304743,5.0761857,0,12.331717,11.99325,23.9865,18.750677,93.75339,23.53277,141.19661,31.97037,223.79259,29.790607,446.85913,0.6944237,0.17360592,0,4,4,1
"110",153.03424,802.4957,0.117475025,138.38257,808.96027,0.14035605,158.86662,817.333,0.1279609,143.76382,822.2722,0.15333626,2.215458,1.9193618,5.6818757,1.1745986,10.991295,2.7478237,1.1745986,5.6818757,3.9120047,7.8240094,13.3217745,66.60887,16.083534,96.50121,20.563492,143.94444,28.52745,427.91174,0.5391282,0.13478205,0,4,4,1
"111",154.41994,802.4957,0.14315894,152.32304,810.8372,0.16042042,158.53253,806.51306,0.13008498,142.32771,817.47955,0.123768866,10.589151,107.490944,82.72278,38.23325,239.03612,59.75903,10.589151,107.490944,31.253426,62.50685,21.053503,105.26752,21.061317,126.367905,22.322891,156.26024,29.40751,441.11267,0.5574332,0.1393583,0,4,4,1
"112",154.41994,802.7774,0.14118241,153.19629,811.1151,0.16149281,147.96086,806.3073,0.13280123,139.3066,811.9005,0.13676175,2.1525083,7.002874,80.80141,48.48321,138.44,34.61,2.1525083,80.80141,47.184517,94.36903,24.22067,121.103355,23.31292,139.87752,22.996843,160.9779,31.213976,468.20963,0.5722382,0.14305955,0,4,4,1
"113",154.41994,802.7774,0.12972789,153.1979,811.4589,0.15586548,147.96086,806.1328,0.1300427,131.09224,808.6661,0.13666536,0,2.6273484,1.3334824,67.46298,71.42381,17.855953,0,67.46298,26.232977,52.465954,24.009798,120.048996,23.159885,138.9593,22.533352,157.73347,32.0883,481.3245,0.5523014,0.13807535,0,4,4,1
"114",153.2744,808.7261,0.14053203,153.1979,811.4589,0.15400904,147.71686,806.1328,0.12214986,130.94418,808.6661,0.14130896,46.293472,0,1.8646133,1.1314079,49.289494,12.322373,0,46.293472,15.089163,30.178326,25.459036,127.29518,22.061893,132.37137,21.61167,151.28168,31.064253,465.96378,0.55799985,0.13949996,0,4,4,1
"115",153.06586,808.7261,0.1408849,153.1979,811.4589,0.15382086,147.0039,806.1328,0.13147035,130.89311,808.6661,0.14331426,1.5936258,0,5.4482017,0.39027333,7.4321003,1.8580251,0,5.4482017,7.0901995,14.180399,25.281076,126.40538,21.525534,129.1532,19.175627,134.22939,27.997019,419.95526,0.5694904,0.1423726,0,4,4,1
"116",152.99667,808.7261,0.11892234,138.03954,792.22095,0.14610225,147.0039,806.05817,0.12361896,130.94418,809.43005,0.15949626,0.5286822,187.16464,0.5704264,5.8511553,194.1149,48.528725,0.5286822,187.16464,25.193375,50.38675,23.035015,115.17508,29.155684,174.93411,25.383133,177.68193,30.880257,463.20386,0.5481398,0.13703495,0,4,4,1
"117",137.19574,805.8555,0.10236969,137.96136,792.22095,0.14485131,147.0039,805.4234,0.10829531,130.94418,809.43005,0.15120706,122.723236,0.59736186,4.8507233,0,128.17133,32.04283,0,122.723236,40.285778,80.571556,22.521582,112.60791,24.536318,147.21791,29.568134,206.97694,28.901157,433.51733,0.5067234,0.12668085,0,4,4,1
"118",136.04454,805.4769,0.107663825,137.56691,792.22095,0.1594516,147.00531,805.4234,0.118385576,130.6901,809.43005,0.14969236,9.260718,3.014328,0.010727561,1.9416884,14.227463,3.5568657,0.010727561,9.260718,17.799849,35.599697,19.661764,98.30882,19.360796,116.16477,21.539253,150.77478,23.631884,354.47824,0.5351933,0.13379833,0,4,4,1
"119",135.73412,805.4769,0.10220143,137.56691,799.54767,0.16228257,147.00531,805.08124,0.107381195,130.68079,808.17816,0.12323961,2.3721902,55.989006,2.6147263,9.566916,70.54284,17.63571,2.3721902,55.989006,10.596288,21.192575,20.724432,103.622154,19.32409,115.94453,19.114355,133.80048,21.644714,324.67072,0.4951048,0.1237762,0,4,4,1
"120",135.73412,805.2472,0.10851516,137.96136,799.88403,0.19047062,147.00531,804.2507,0.115648076,129.42554,808.17816,0.1357198,1.7555887,3.961466,6.3469844,9.592305,21.656345,5.4140863,1.7555887,9.592305,11.524899,23.049797,21.435644,107.178215,18.172707,109.03624,17.336945,121.35862,20.01283,300.19247,0.55035365,0.13758841,0,4,4,1
"121",135.73412,804.98267,0.10015971,137.70393,800.837,0.16528769,145.17386,804.2507,0.11648366,127.99197,808.17816,0.146295,2.0214455,7.5431857,13.995502,10.954996,34.51513,8.628782,2.0214455,13.995502,7.0214343,14.042869,13.455655,67.278275,19.301167,115.807,16.80929,117.66502,19.18139,287.72086,0.5282261,0.13205652,0,4,4,1
"122",138.84001,804.98267,0.10930459,138.03046,800.9102,0.16641232,144.49371,804.2507,0.15059929,126.48969,795.1912,0.19014448,23.734495,2.5572097,5.197503,99.90477,131.39398,32.848495,2.5572097,99.90477,20.73864,41.47728,13.616788,68.08394,16.687796,100.12677,21.2365,148.6555,20.11968,301.7952,0.6164607,0.15411517,0,4,4,1
"123",138.84001,804.98267,0.124637656,138.03046,800.9102,0.16186847,143.90202,804.2507,0.15955766,124.698715,794.94006,0.17546669,0,0,4.52155,13.820132,18.341682,4.5854206,0,13.820132,18.716957,37.433914,13.822499,69.112495,12.11156,72.66936,14.958884,104.71219,19.164688,287.4703,0.6215304,0.1553826,0,4,4,1
"124",138.84001,804.54047,0.12162676,137.70393,800.9102,0.13876879,143.07213,804.2507,0.14790033,125.46632,794.8288,0.13256729,3.3791816,2.4952073,6.341854,5.927124,18.143368,4.535842,2.4952073,6.341854,4.5606313,9.121263,11.202525,56.012627,12.274723,73.64834,11.029315,77.2052,19.128664,286.92996,0.54086316,0.13521579,0,4,4,1
"125",121.84559,793.37134,0.13096784,122.23328,793.5139,0.18677765,142.8317,803.85376,0.17138994,125.46632,794.8288,0.16839392,155.40402,131.03917,3.546192,0,289.98938,72.497345,0,155.40402,38.516594,77.03319,24.619177,123.09589,21.41833,128.50998,20.877954,146.14568,23.778633,356.67947,0.65752935,0.16438234,0,4,4,1
"126",121.84559,792.81757,0.1490424,122.22099,792.70795,0.20361342,132.3029,789.8837,0.15210865,124.09078,794.8288,0.19154055,4.2317896,6.1597342,133.67989,10.511494,154.5829,38.645725,4.2317896,133.67989,55.571533,111.14307,30.622566,153.11282,26.956936,161.74161,23.879385,167.1557,22.371078,335.5662,0.69630504,0.17407626,0,4,4,1
"127",120.30846,792.0644,0.13639292,121.35614,791.9229,0.19727042,131.17152,789.8646,0.14832638,124.09078,795.1908,0.18273687,13.08068,8.925652,8.646947,2.7663114,33.41959,8.3548975,2.7663114,13.08068,23.50031,47.00062,25.723846,128.61923,26.911287,161.46773,24.299501,170.09651,20.620739,309.31107,0.6647266,0.16618165,0,4,4,1
"128",121.84559,792.0644,0.10115105,120.96346,785.188,0.15214324,128.93579,776.2326,0.13080722,113.00578,795.1963,0.13511932,11.7463875,51.554043,105.56426,84.70885,253.57353,63.393383,11.7463875,105.56426,35.87414,71.74828,37.48544,187.42719,32.0021,192.01262,32.123016,224.86111,23.656567,354.8485,0.5192208,0.1298052,0,4,4,1
"129",121.90485,792.0644,0.109076306,120.45931,784.5523,0.15559733,128.31529,775.9332,0.1465675,113.00578,795.1963,0.16857147,0.45283133,6.199993,5.26475,0,11.917574,2.9793935,0,6.199993,33.18639,66.37278,37.17415,185.87074,31.73443,190.40659,27.856,194.992,23.0337,345.50552,0.57981265,0.14495316,0,4,4,1
"130",121.90485,792.0644,0.10086303,119.73083,783.78314,0.15172392,128.15059,775.9021,0.14156088,112.6988,795.1963,0.1537677,0,8.095592,1.2809036,2.345896,11.722391,2.9305978,0,8.095592,2.9549956,5.9099913,23.2608,116.304,31.46689,188.80135,27.619598,193.33719,23.105207,346.5781,0.5479156,0.1369789,0,4,4,1
"131",121.330956,792.0644,0.11620152,110.73187,777.8927,0.1730383,127.79441,775.9332,0.14489315,112.78117,795.2852,0.15781358,4.385532,82.19008,2.7322016,0.92631805,90.23412,22.55853,0.92631805,82.19008,12.744564,25.489128,20.04336,100.216805,23.143755,138.86253,30.194267,211.35988,21.373861,320.6079,0.5919466,0.14798665,0,4,4,1
"132",121.330956,788.132,0.10408687,108.082405,766.84216,0.18991335,127.06828,775.9021,0.14912586,112.6988,795.2852,0.18492532,30.05023,86.83873,5.553985,0.62948626,123.07243,30.768108,0.62948626,86.83873,26.663319,53.326637,24.526003,122.63001,21.830818,130.98491,24.232948,169.63063,21.28888,319.3332,0.6280514,0.15701285,0,4,4,1
"133",121.330956,787.6417,0.11443973,108.082405,766.84216,0.18352735,127.01984,775.6866,0.15992934,112.64387,795.2852,0.17057043,3.7467172,0,1.6880125,0.41977412,5.8545036,1.4636259,0,3.7467172,16.115868,32.231735,12.140051,60.700256,20.682274,124.09364,18.921219,132.44853,21.14933,317.23993,0.62846684,0.15711671,0,4,4,1
"134",121.330956,787.6417,0.12119813,107.48007,766.84216,0.17824645,126.78964,775.4703,0.16111147,112.64387,795.4022,0.15569405,0,4.6028814,2.4138598,0.89411885,7.91086,1.977715,0,4.6028814,1.7206705,3.441341,11.939715,59.698578,10.446328,62.67797,18.010193,126.07136,20.105463,301.58194,0.6162501,0.15406252,0,4,4,1
"135",120.62159,787.59863,0.12847903,110.29996,777.0864,0.20914912,126.78964,775.4703,0.16905378,112.78117,795.4022,0.17707348,5.4307914,81.195816,0,1.0492604,87.67587,21.918968,0,81.195816,11.948341,23.896683,15.73739,78.68695,13.602924,81.617546,12.085278,84.59694,21.20579,318.08682,0.6837554,0.17093885,0,4,4,1
"136",120.62159,787.1897,0.120477416,110.29996,777.06506,0.19957837,126.769325,775.2922,0.18911059,112.9754,795.4022,0.16757083,3.124985,0.16324548,1.369828,1.4842513,6.142309,1.5355773,0.16324548,3.124985,11.727273,23.454546,11.532799,57.663994,13.37042,80.22253,11.879018,83.15312,20.732908,310.99362,0.6767372,0.1691843,0,4,4,1
"137",120.62159,776.7408,0.11783709,121.267876,777.0864,0.18030612,126.78964,775.1822,0.17286563,112.9754,793.958,0.14137687,79.84803,83.8143,0.8547008,11.036327,175.55336,43.88834,0.8547008,83.8143,22.711958,45.423916,14.156845,70.784225,16.925388,101.55234,17.730124,124.11086,21.468899,322.03348,0.6123857,0.15309642,0,4,4,1
"138",120.62159,776.73,0.12581933,121.372696,777.0864,0.1992833,126.769325,774.864,0.18777902,112.9754,784.63153,0.14145374,0.08255558,0.8010106,2.436377,71.270645,74.59059,18.647648,0.08255558,71.270645,31.267994,62.535988,17.593649,87.96825,14.905313,89.43188,17.171427,120.19998,22.40638,336.0957,0.6543354,0.16358384,0,4,4,1
"139",120.62159,776.54974,0.12664196,121.472984,777.32904,0.18090162,126.871376,774.864,0.16372342,110.02574,780.8955,0.128383,1.3773255,2.006156,0.779847,36.37537,40.5387,10.134675,0.779847,36.37537,14.391161,28.782322,19.225042,96.125206,16.350487,98.10292,14.223793,99.56655,22.779634,341.69452,0.59964997,0.14991249,0,4,4,1
"140",120.4247,776.73,0.13557628,121.938034,777.8684,0.17772996,126.98012,774.864,0.18299535,109.882034,780.7077,0.13814195,2.0398145,5.4422426,0.83097786,1.8071184,10.120153,2.5300384,0.83097786,5.4422426,6.3323565,12.664713,15.347256,76.73628,16.442541,98.65524,14.376138,100.632965,18.115149,271.72723,0.6344435,0.15861088,0,4,4,1
"141",121.068985,771.5558,0.11611293,121.938034,777.8684,0.16554543,126.98012,774.64496,0.16762185,109.24112,780.7077,0.14184934,39.84528,0,1.6739659,4.8977146,46.41696,11.60424,0,39.84528,7.0671396,14.134279,17.360989,86.80494,14.72342,88.340515,15.751355,110.25949,16.312382,244.68575,0.59112954,0.14778239,0,4,4,1
"142",121.72829,771.5558,0.12815925,121.472984,777.8684,0.15514727,126.856064,774.3346,0.14418861,108.89835,780.7077,0.14073654,5.0382223,3.553796,2.554165,2.619332,13.765515,3.4413788,2.554165,5.0382223,7.5228095,15.045619,9.271596,46.35798,15.041054,90.24632,13.1117,91.7819,15.984815,239.77222,0.5682317,0.14205793,0,4,4,1
"143",121.068985,771.6514,0.11866398,121.781906,786.29865,0.15211326,127.130585,775.1027,0.14605291,108.89835,780.87854,0.1291273,5.0909586,64.465034,6.2334495,1.3054975,77.09494,19.273735,1.3054975,64.465034,11.357557,22.715115,9.396813,46.984066,10.93862,65.631714,15.645722,109.52006,13.043505,195.65257,0.54595745,0.13648936,0,4,4,1
"144",121.17239,776.41455,0.10919044,120.76668,777.8581,0.1362026,126.856064,774.3346,0.1280705,108.89835,780.87854,0.118423894,36.407192,64.965515,6.2334495,0,107.60616,26.90154,0,64.965515,23.087639,46.175278,12.750187,63.750935,12.314268,73.885605,13.219037,92.53326,14.638314,219.57472,0.49188745,0.12297186,0,4,4,1
"145",121.17239,776.41455,0.1084556,120.58145,777.8581,0.15085697,126.44601,773.8031,0.13127217,109.87289,784.3606,0.12491516,0,1.415455,5.129848,27.631496,34.1768,8.5442,0,27.631496,17.72287,35.44574,13.953019,69.7651,12.049189,72.295135,11.775687,82.42981,15.012555,225.18832,0.5154999,0.12887497,0,4,4,1
"146",121.17239,776.41455,0.11308495,120.58145,777.8581,0.1448678,115.81724,759.6786,0.115027584,121.35545,784.3606,0.116310075,0,0,135.08247,87.746956,222.82944,55.70736,0,135.08247,32.12578,64.25156,22.773643,113.86822,20.912075,125.47246,18.28607,128.00249,17.222477,258.33716,0.48929042,0.122322604,0,4,4,1
"147",120.9626,776.59485,0.10504667,120.58145,777.8581,0.13818802,115.690414,759.67645,0.12874651,121.35545,784.3606,0.11557757,2.1138873,0,0.9692909,0,3.0831783,0.7707946,0,2.1138873,28.239077,56.478153,22.239527,111.19763,19.1065,114.63901,18.03475,126.24325,15.222655,228.33984,0.48755878,0.121889696,0,4,4,1
"148",121.17239,776.41455,0.101281606,106.440704,765.9247,0.1578465,115.690414,759.53345,0.11870361,121.35545,784.24243,0.10479625,2.1138873,141.39662,1.092812,0.90298074,145.50632,36.37658,0.90298074,141.39662,18.573687,37.147373,25.660095,128.30048,24.595701,147.5742,21.573656,151.0156,17.550186,263.25278,0.48262796,0.12065699,0,4,4,1
"149",121.4986,776.6461,0.118235484,105.9209,764.71533,0.15960339,115.63466,759.38885,0.1389893,121.16401,783.6523,0.11536383,3.0570023,10.059077,1.1842406,4.7411327,19.041452,4.760363,1.1842406,10.059077,20.568472,41.136944,21.23186,106.159294,22.176805,133.06084,21.762081,152.33458,17.735697,266.03543,0.532192,0.133048,0,4,4,1
"150",123.14287,773.4171,0.1155431,105.70717,763.65,0.14164647,115.26744,759.38885,0.1482694,121.16401,783.4035,0.103060044,27.69026,8.303041,2.80619,1.9011103,40.700603,10.175151,1.9011103,27.69026,7.467757,14.935514,21.55805,107.790245,19.389074,116.33445,20.462284,143.236,16.952774,254.29163,0.50851905,0.12712976,0,4,4,1
"151",121.87818,776.5937,0.122260556,105.9209,764.71533,0.15439014,115.63466,759.38885,0.1578811,121.16401,783.3574,0.118825145,26.127716,8.303041,2.80619,0.35214382,37.58909,9.397272,0.35214382,26.127716,9.786211,19.572422,12.296032,61.48016,19.531254,117.18752,17.961674,125.73172,17.476887,262.15332,0.55335695,0.13833924,0,4,4,1
"152",121.87818,776.5937,0.112395525,105.9209,764.71533,0.1552621,115.87812,759.39606,0.15982541,121.27032,783.322,0.11222455,0,0,1.8612878,0.8562372,2.717525,0.67938125,0,1.8612878,5.0383267,10.0766535,12.277749,61.38875,10.359923,62.159542,16.838129,117.8669,14.596291,218.94435,0.5397076,0.1349269,0,4,4,1
"153",121.87818,776.5937,0.13030413,120.49501,764.71533,0.16399884,115.63466,759.39606,0.12496679,121.5398,782.41376,0.13407302,0,111.37179,1.8604739,7.2397957,120.47206,30.118015,0,111.37179,15.398698,30.797396,11.026036,55.130184,15.251127,91.50676,13.182508,92.27756,15.360982,230.41472,0.5533428,0.1383357,0,4,4,1
"154",122.7404,773.4171,0.12050817,120.49501,764.5259,0.1388627,114.849846,759.39606,0.11721956,122.117134,780.9004,0.11602394,25.152927,1.4477543,5.997348,12.377733,44.97576,11.24394,1.4477543,25.152927,20.680977,41.361954,12.322752,61.613758,11.062354,66.37412,14.678672,102.7507,15.434933,231.52399,0.4926144,0.1231536,0,4,4,1
"155",122.7404,772.7597,0.12260423,120.49501,764.5259,0.14882503,126.25871,772.0304,0.12845401,122.117134,776.8072,0.11373343,5.023763,0,130.08699,31.279234,166.38998,41.597496,0,130.08699,26.42072,52.84144,18.607222,93.0361,17.201876,103.21126,15.424517,107.97162,18.03943,270.59146,0.5136167,0.12840417,0,4,4,1
"156",122.7404,761.5264,0.12250143,120.21218,764.4985,0.15276313,124.643814,757.00446,0.124146186,121.5398,768.654,0.117529556,85.84194,2.1714342,115.485794,62.460747,265.95993,66.48998,2.1714342,115.485794,54.04374,108.08748,30.025763,150.12881,26.58768,159.5261,24.243034,169.70123,21.698479,325.4772,0.5169403,0.12923507,0,4,4,1
"157",122.7404,761.2827,0.10915752,104.776794,750.3184,0.15526088,124.643814,757.00446,0.12632273,121.128845,767.5962,0.11256811,1.8623978,160.17181,0,8.672053,170.70627,42.676567,0,160.17181,54.583275,109.16655,38.4252,192.126,32.13423,192.80539,28.886093,202.20265,24.31416,364.71237,0.50330925,0.12582731,0,4,4,1
"158",121.10352,761.07605,0.09222154,104.776794,750.22754,0.12985507,124.643814,757.00446,0.11029846,110.02862,767.5962,0.08952671,12.60793,0.69449294,0,84.82521,98.12763,24.531908,0,84.82521,33.604237,67.20847,37.30798,186.53989,36.10965,216.65791,31.048183,217.3373,24.664703,369.97055,0.4219018,0.10547545,2,4,4,1
"159",121.08933,761.07605,0.10761461,104.776794,750.22754,0.18319406,124.911095,757.1651,0.13598233,110.02862,764.7508,0.12171964,0.10844164,0,2.3830218,21.743832,24.235294,6.0588236,0,21.743832,15.295366,30.590733,36.270954,181.35478,32.099785,192.59872,31.816677,222.71674,23.275188,349.12784,0.5485107,0.13712767,0,4,4,1
"160",120.986084,761.07605,0.11221172,105.05365,750.3184,0.14979602,124.911095,757.1651,0.10667451,109.467896,764.46094,0.10811668,0.78900045,2.226734,0,4.8235517,7.839286,1.9598215,0,4.8235517,4.0093226,8.018645,28.34342,141.7171,30.552433,183.3146,27.794077,194.55853,22.836231,342.54346,0.47679895,0.11919974,0,4,4,1
"161",120.97967,761.7299,0.10823406,105.29479,750.6183,0.15627219,125.81554,757.3745,0.11485913,109.467896,764.35657,0.12715685,4.9969516,2.9405272,7.094365,0.7975708,15.829415,3.9573538,0.7975708,7.094365,2.9585876,5.9171753,15.836895,79.18447,24.279076,145.67445,26.753136,187.27196,19.38623,290.79346,0.50652224,0.12663056,0,4,4,1
"162",120.80773,761.7299,0.10782181,120.4864,764.3479,0.14264919,126.577484,757.6969,0.10382978,110.43208,764.35657,0.1114859,1.313893,156.47641,6.322359,7.368085,171.48074,42.870186,1.313893,156.47641,23.41377,46.82754,15.875619,79.37809,20.342443,122.05466,26.934948,188.54465,22.192856,332.89285,0.46578667,0.11644667,0,4,4,1
"163",120.00918,761.7299,0.09614197,120.59042,764.3479,0.12868816,127.90442,758.0066,0.11381783,110.7476,764.46094,0.11883771,6.1023498,0.7949472,10.412617,2.5395696,19.849483,4.962371,0.7949472,10.412617,23.916279,47.832558,11.961711,59.808556,14.056744,84.34046,18.14529,127.01703,20.098576,301.47864,0.45748568,0.11437142,1,4,4,1
"164",120.00918,761.8233,0.10511248,120.868416,764.4601,0.14200342,127.90442,758.2935,0.12386635,111.03953,764.48914,0.13387589,0.713616,2.2908015,2.19262,2.2412488,7.438287,1.8595717,0.713616,2.2908015,3.4109712,6.8219423,11.1218605,55.609303,10.278021,61.66813,12.314291,86.200035,19.90519,298.57785,0.50485814,0.12621453,0,4,4,1
"165",119.30435,761.8233,0.10469442,121.13982,764.4601,0.13540208,127.90442,758.3667,0.12515533,111.03953,764.5703,0.14345925,5.38611,2.0739756,0.5592324,0.62033284,8.63965,2.1599126,0.5592324,5.38611,2.0097423,4.0194845,11.161879,55.809395,9.628202,57.769215,9.118292,63.82804,19.37084,290.5626,0.5087111,0.12717777,0,4,4,1
"166",119.30435,762.0338,0.106089726,121.13982,764.3479,0.12463862,127.86547,758.3667,0.11361267,111.37856,764.5703,0.13211063,1.6086677,0.857272,0.2976315,2.5908225,5.354394,1.3385985,0.2976315,2.5908225,1.7492555,3.498511,10.638128,53.19064,9.524666,57.147995,8.443974,59.107815,18.833595,282.50394,0.47645164,0.11911291,0,4,4,1
"167",119.49262,762.39124,0.102276444,121.13982,764.63916,0.12998828,127.76248,758.2935,0.091157265,111.37856,764.5703,0.12189619,3.0870817,2.2257357,0.9654732,0,6.2782907,1.5695727,0,3.0870817,1.4540856,2.9081712,2.3780053,11.890026,9.126702,54.760212,8.388224,58.717567,18.89294,283.39413,0.44531816,0.11132954,1,4,4,1
"168",119.49262,762.75867,0.091746196,121.26483,764.65674,0.11145383,127.76248,757.1422,0.10587047,111.177315,764.4627,0.13325328,2.8078225,0.9647335,8.797999,1.7439225,14.314477,3.5786192,0.9647335,8.797999,2.574096,5.148192,2.101255,10.506275,2.5781076,15.468645,8.334119,58.338833,17.123648,256.85474,0.44232377,0.11058094,1,4,4,1
"169",119.49262,762.75867,0.096290894,120.822525,764.63916,0.11114529,127.76248,756.8909,0.09222945,111.16964,764.15045,0.10307011,0,3.382666,1.9202334,2.3869035,7.689803,1.9224508,0,3.382666,2.750535,5.50107,2.1138308,10.569154,2.0714543,12.428725,2.4844422,17.391096,16.502216,247.53323,0.40273574,0.100683935,2,4,4,1
"170",119.76948,762.75867,0.0927892,120.822525,764.4061,0.107749455,128.26782,756.77295,0.098118685,111.177315,763.9701,0.113686495,2.1156616,1.7807751,3.9655375,1.3795056,9.24148,2.31037,1.3795056,3.9655375,2.1164103,4.2328205,2.1439223,10.719611,2.1465874,12.879524,2.105585,14.739096,13.883074,208.24611,0.41234386,0.103085965,2,4,4,1
"171",119.76948,761.97675,0.09366525,121.04309,764.4061,0.104802065,128.39024,743.01904,0.089869045,111.16964,763.5835,0.10554731,5.975251,1.6855097,105.10814,2.954859,115.723755,28.930939,1.6855097,105.10814,15.620654,31.241308,7.66239,38.31195,6.608425,39.65055,5.9729233,41.810463,11.379138,170.68706,0.39388368,0.09847092,2,4,4,1
"172",120.079285,761.58575,0.09164442,121.04309,747.5819,0.10842822,128.96771,742.84894,0.10479196,111.16964,762.4649,0.1283833,3.8121128,128.56654,4.600349,8.548,145.52701,36.381752,3.8121128,128.56654,32.656345,65.31269,14.624826,73.12413,12.448951,74.6937,10.861757,76.0323,10.959483,164.39224,0.43324792,0.10831198,1,4,4,1
"173",120.86447,740.4665,0.09172233,121.04309,747.5281,0.12715173,129.29788,742.43256,0.12158064,111.50203,761.1723,0.13735953,161.49973,0.41137862,4.0608277,10.199107,176.17104,44.04276,0.41137862,161.49973,40.212257,80.424515,22.717653,113.58827,19.527815,117.16689,16.96235,118.736465,12.260207,183.9031,0.47781423,0.11945356,1,4,4,1
"174",120.079285,740.4665,0.09323393,121.15864,747.1615,0.119109154,129.88287,742.1719,0.116548605,111.6461,760.31256,0.10903472,6.0002046,2.9371583,4.8941226,6.661542,20.493027,5.1232567,2.9371583,6.661542,24.583008,49.166016,23.357815,116.78908,19.785255,118.711525,17.47002,122.290146,12.197836,182.96753,0.4379264,0.1094816,1,4,4,1
"175",121.27748,740.4665,0.08780146,121.15864,747.1615,0.13180558,130.10095,740.7291,0.12447507,111.6461,749.79865,0.098388836,9.1563225,0,11.1503725,80.344765,100.65146,25.162865,0,80.344765,15.143061,30.286121,27.928314,139.64157,23.658657,141.95193,20.553484,143.87439,13.744705,206.17058,0.44247097,0.11061774,2,4,4,1
"176",121.27748,740.2906,0.08011593,121.83379,747.5281,0.10828803,130.32715,740.7291,0.108816385,123.33319,745.8315,0.08417175,1.34421,5.8708076,1.7285365,94.31499,103.258545,25.814636,1.34421,94.31499,25.48875,50.9775,27.305054,136.52527,27.576035,165.4562,23.966654,167.76657,15.201858,228.02786,0.3813921,0.09534802,2,4,4,1
"177",119.65539,740.2906,0.08362581,122.37971,747.7399,0.10390276,130.32715,740.61896,0.10506653,123.70507,745.50323,0.078598514,12.395638,4.4748554,0.8418803,3.7904994,21.502874,5.3757186,0.8418803,12.395638,15.595178,31.190355,21.103848,105.51923,23.650164,141.90099,24.40456,170.83192,12.702226,190.53339,0.3711936,0.0927984,2,4,4,1
"178",119.64454,723.9708,0.0660845,122.37971,747.7399,0.08087608,131.32748,740.61896,0.079784885,123.70507,745.50323,0.06431834,124.711655,0,7.64432,0,132.35597,33.088993,0,124.711655,19.232355,38.46471,18.913094,94.56547,23.101372,138.60823,24.99857,174.98997,14.577334,218.66002,0.29106382,0.072765954,4,4,4,1
"179",119.64454,723.9708,0.07543946,122.37971,747.7399,0.11151311,131.36873,740.58246,0.09593331,123.70507,745.8315,0.076817185,0,0,0.42087188,2.5083835,2.9292555,0.7323139,0,2.5083835,16.910654,33.82131,18.034904,90.17453,15.882964,95.29778,19.905792,139.34055,14.502184,217.53276,0.35970306,0.089925766,3,4,4,1
"180",118.67393,723.9708,0.06023294,122.5199,747.1629,0.08722204,131.9757,740.54865,0.06773537,116.50964,748.18994,0.075190425,7.4171753,4.5377655,4.645463,57.86403,74.46443,18.616108,4.5377655,57.86403,9.674211,19.348421,16.725554,83.62777,18.131773,108.790634,16.273413,113.913895,15.599263,233.98895,0.29038078,0.072595194,4,4,4,1
"181",118.55983,724.4346,0.057708867,122.49042,747.1629,0.08978592,132.59538,740.54865,0.076658554,116.45976,748.5801,0.08736974,3.6495101,0.22527878,4.7355185,3.0055978,11.615906,2.9039764,0.22527878,4.7355185,10.760042,21.520084,12.143422,60.71711,14.421958,86.531746,15.956373,111.69461,15.703622,235.55434,0.31152308,0.07788077,4,4,4,1
"182",118.55983,724.4346,0.058875043,122.49042,746.9188,0.09563406,132.77534,740.4761,0.08263594,116.45976,748.5801,0.08925447,0,1.8651963,1.4828331,0,3.3480296,0.8370074,0,1.8651963,1.870492,3.740984,11.23568,56.1784,10.25902,61.55412,12.481251,87.36875,15.654784,234.82176,0.3263995,0.08159988,4,4,4,1
"183",118.67393,741.6524,0.054176394,122.49042,746.9188,0.08989948,132.80676,740.4761,0.08029793,116.50964,748.5801,0.09233013,131.57735,0,0.24008746,0.3811782,132.19861,33.049652,0,131.57735,16.943329,33.886658,11.227812,56.139057,14.871342,89.22805,13.514824,94.60377,17.61952,264.2928,0.31670392,0.07917598,4,4,4,1
"184",133.15456,741.6524,0.055976897,122.49042,729.186,0.08993444,133.53539,739.84296,0.070024125,116.79543,747.75793,0.07452561,110.65741,135.51009,7.376287,6.651381,260.19516,65.04879,6.651381,135.51009,49.04922,98.09844,24.091106,120.455536,20.197975,121.18785,22.039549,154.27684,21.827942,327.41913,0.29046106,0.072615266,4,4,4,1
"185",137.24413,741.61346,0.061531227,122.49042,729.186,0.09672323,143.82417,739.5263,0.07969489,128.85947,745.1581,0.092508785,31.252901,0,78.66161,94.30685,204.22136,51.05534,0,94.30685,58.052063,116.104126,30.578953,152.89476,28.585146,171.51088,24.606169,172.2432,25.077606,376.1641,0.33045813,0.08261453,4,4,4,1
"186",137.24413,741.61346,0.058675867,122.52637,729.186,0.09761142,144.44101,739.382,0.06325044,129.19989,744.525,0.079788245,0,0.27471882,4.840954,5.492763,10.608436,2.652109,0,5.492763,26.853724,53.707447,30.52858,152.6429,25.924479,155.54688,24.880426,174.16298,23.325686,349.88528,0.29932597,0.07483149,4,4,4,1
"187",134.09409,729.21655,0.061438195,136.93669,730.29584,0.09674571,143.82417,739.382,0.07665342,129.19989,744.09326,0.08970592,97.74463,110.44629,4.7137136,3.2994244,216.20406,54.051014,3.2994244,110.44629,28.35156,56.70312,41.17138,205.8569,34.448986,206.69391,29.942556,209.59789,24.503635,367.55453,0.32454324,0.08113581,4,4,4,1
"188",133.15456,729.184,0.05480262,136.93669,730.29584,0.08686397,133.53539,736.7353,0.055832516,129.19989,737.6522,0.06163684,7.183956,0,81.18418,49.220848,137.58899,34.397247,0,81.18418,44.22413,88.44826,41.4409,207.2045,40.04236,240.25415,34.441593,241.09116,23.860601,357.90903,0.25913596,0.06478399,4,4,4,1
"189",121.05962,724.39105,0.05929477,136.93669,730.29584,0.09368483,132.65816,736.0461,0.06009566,129.19989,737.6522,0.06676357,99.41918,0,8.525053,0,107.94424,26.98606,0,99.41918,30.691654,61.38331,33.828354,169.14177,39.03176,234.19055,38.177174,267.2402,25.318123,379.77182,0.27983883,0.06995971,4,4,4,1
"190",120.868256,724.39105,0.045924965,108.863266,720.5746,0.07421728,132.65816,736.0461,0.04619413,129.25816,737.6522,0.049914863,1.462388,227.02827,0,0.44531038,228.93597,57.233994,0,227.02827,42.110027,84.220055,35.064083,175.32042,37.729294,226.37576,41.63208,291.42456,27.456198,411.84296,0.21625125,0.054062814,4,4,4,1
"191",120.80858,724.39105,0.043864943,108.863266,720.5746,0.06985408,132.65816,736.0461,0.045043685,129.25816,737.6613,0.05098327,0.45603794,0,0,0.06949594,0.52553385,0.13138346,0,0.45603794,28.682688,57.365376,34.55994,172.7997,29.241968,175.45181,32.358162,226.50714,25.74398,386.1597,0.20974597,0.052436493,4,4,4,1
"192",120.09266,724.6338,0.04002826,108.863266,720.5746,0.061449047,133.00768,741.7877,0.041111868,129.25816,737.77423,0.048516106,5.776792,0,43.95741,0.862869,50.59707,12.649267,0,43.95741,6.3903255,12.780651,26.27959,131.39795,30.908161,185.44896,26.871582,188.10107,26.228884,393.43326,0.19110529,0.047776323,4,4,4,1
"193",120.0528,724.8603,0.040029377,109.24096,721.0844,0.054708887,133.00768,741.91583,0.04183296,129.25816,737.77423,0.048829395,1.7574608,4.8486037,0.9790065,0,7.5850716,1.8962679,0,4.8486037,7.2727675,14.545535,19.779394,98.89697,22.215704,133.29422,26.763605,187.34523,24.149368,362.24054,0.18540062,0.046350155,4,4,4,1
"194",120.0528,745.92535,0.04018358,121.40102,729.3918,0.05474548,133.00768,741.91583,0.045674425,129.25816,737.6613,0.0471542,160.97404,112.538795,0,0.862869,274.3757,68.593925,0,160.97404,35.2451,70.4902,28.100967,140.50484,27.91515,167.49089,28.841164,201.88814,28.673475,430.10214,0.18775769,0.04693942,4,4,4,1
"195",120.0528,745.9963,0.03637456,121.46502,729.8303,0.051931385,131.3437,741.7877,0.041977856,129.69817,737.47815,0.042400885,0.541975,3.3866994,12.753289,3.6420965,20.324059,5.0810146,0.541975,12.753289,36.83747,73.67494,17.670372,88.35186,24.264309,145.58585,24.65313,172.57191,27.771137,416.56705,0.17268468,0.04317117,4,4,4,1
"196",120.47109,745.9963,0.034678727,121.46502,729.83685,0.04284096,130.95576,740.9618,0.034756523,131.83818,736.57697,0.038793437,3.1964633,0.049906477,6.97309,17.744339,27.963799,6.9909496,0.049906477,17.744339,6.035982,12.071964,19.042286,95.211426,15.890468,95.34281,21.796686,152.5768,28.043602,420.65402,0.15106964,0.03776741,4,4,4,1
"197",120.53689,746.1074,0.02863797,121.40102,729.8303,0.039352797,119.00139,736.4307,0.03523778,132.40276,735.539,0.039349306,0.9870092,0.49163476,97.69428,9.029288,108.20222,27.050554,0.49163476,97.69428,17.020752,34.041504,21.922543,109.61271,20.376997,122.26198,17.484766,122.393364,29.791172,446.86755,0.14257786,0.035644464,4,4,4,1
"198",120.73466,746.7045,0.02614439,121.40102,729.5837,0.0360267,119.00139,736.4307,0.032981955,133.09863,735.539,0.033161998,4.806714,1.8847858,0,5.317722,12.009222,3.0023055,0,5.317722,15.02643,30.05286,22.14375,110.71875,18.769169,112.61502,17.894897,125.26428,27.788015,416.82022,0.12831505,0.03207876,4,4,4,1
"199",120.73466,746.7045,0.03286486,121.46502,729.5837,0.037415616,119.00139,736.1063,0.034469903,133.09863,735.46686,0.034234323,0,0.48909515,2.4789994,0.5513033,3.519398,0.8798495,0,2.4789994,1.9410775,3.882155,8.600935,43.004673,18.599766,111.5986,16.213552,113.494865,23.510086,352.65128,0.13898471,0.034746177,4,4,4,1
"200",120.73466,732.0956,0.028895719,121.63531,729.55914,0.039874714,131.68867,736.1063,0.033125214,133.09863,734.9444,0.034722243,111.63799,1.3147384,96.953125,3.9925182,213.89838,53.474594,1.3147384,111.63799,27.177221,54.354443,18.27965,91.398254,16.079878,96.47927,23.581884,165.0732,23.67137,355.07053,0.13661788,0.03415447,4,4,4,1
"201",136.39992,746.7045,0.023840865,139.96869,729.55914,0.039513443,142.76947,736.1063,0.020589001,9.1122875,297.06384,0.040681265,163.68733,140.0992,84.67672,3477.7288,3866.192,966.548,84.67672,3477.7288,510.0113,1020.0226,210.19106,1050.9553,176.32437,1057.9462,151.86104,1063.0272,87.93109,1318.9664,0.12462457,0.031156143,4,4,4,1
"202",136.39992,747.134,0.02290077,139.96869,712.68365,0.032661155,142.76947,739.1426,0.022226308,9.1122875,297.046,0.038909737,3.2817006,128.95834,23.202314,0.13642658,155.5788,38.8947,0.13642658,128.95834,502.72134,1005.4427,212.55989,1062.7994,181.64166,1089.85,156.69156,1096.841,86.92067,1303.81,0.11669797,0.029174492,4,4,4,1
"203",136.39992,1099.9598,0.015640758,139.96869,711.6371,0.02546136,142.76947,832.2905,0.016774531,9.1122875,296.98358,0.045118447,2696.2087,7.9976296,711.8138,0.47691002,3416.4968,854.1242,0.47691002,2696.2087,446.50946,893.0189,382.78427,1913.9213,319.48727,1916.9236,277.7106,1943.9742,141.56914,2123.537,0.1029951,0.025748774,4,4,4,1
"204",136.39992,1099.9598,0.0143420985,7.17186,-0.72260284,0.017366556,-0.1269598,832.2905,0.009446797,10.233239,296.98083,0.03775765,0,5537.4585,1091.9794,8.566063,6638.004,1659.501,0,5537.4585,1256.8126,2513.6252,714.5085,3572.5425,595.5704,3573.4224,510.9178,3576.4246,250.40346,3756.052,0.0789131,0.019728275,4,4,4,1
"205",140.81691,1099.9598,0.0143420985,7.17186,-0.9426775,0.01749592,-0.4363141,832.2905,0.009446797,10.233239,296.80737,0.03779208,33.75357,1.6817565,2.3640096,1.3255534,39.12489,9.781222,1.3255534,33.75357,834.6411,1669.2822,705.76984,3528.849,597.05396,3582.3237,511.88623,3583.2036,247.23994,3708.599,0.07907689,0.019769223,4,4,4,1
"206",140.81691,752.15454,0.015627982,7.17186,-0.94285536,0.017382536,-0.4448285,832.26483,0.012385943,10.233239,296.80847,0.031588595,2657.8428,0.0013591645,0.20686008,0.008395482,2658.0593,664.51483,0.0013591645,2657.8428,337.14804,674.2961,645.36316,3226.816,698.894,4193.364,606.6912,4246.8384,291.53217,4372.9824,0.07698506,0.019246265,4,4,4,1
"207",140.81691,752.11646,0.015689733,7.17186,-0.94285536,0.017436152,-0.4363141,832.2073,0.013151456,10.228062,296.80737,0.031582702,0.29104337,0,0.44461656,0.040446095,0.77610606,0.19402651,0,0.44461656,332.35443,664.70886,637.62305,3188.1152,537.835,3227.01,599.0797,4193.558,290.7018,4360.5273,0.07786004,0.01946501,4,4,4,1
"208",140.81691,752.1021,0.01576762,7.17186,-0.9426775,0.017447192,-0.1269598,832.18134,0.0132433325,10.222826,296.80167,0.03162126,0.10960768,0.0013591645,2.3723059,0.059182752,2.5424554,0.63561386,0.0013591645,2.3723059,0.4148202,0.8296404,466.92532,2334.6267,531.4585,3188.751,461.09222,3227.6455,290.6178,4359.2666,0.0780794,0.01951985,4,4,4,1
"209",0,0,0,0,0,0,0,0,0,0,0,0,5847.2505,55.277,6359.3257,2269.4304,14531.284,3632.821,55.277,6359.3257,1816.7283,3633.4565,861.58936,4307.947,994.57465,5967.4478,974.51025,6821.572,528.2329,7923.4937,0,0,4,4,4,0
